-- phpMyAdmin SQL Dump
-- version 4.1.12
-- http://www.phpmyadmin.net
--
-- Host: 127.0.0.1
-- Generation Time: Nov 19, 2015 at 05:05 PM
-- Server version: 5.6.16
-- PHP Version: 5.5.11

SET SQL_MODE = "NO_AUTO_VALUE_ON_ZERO";
SET time_zone = "+00:00";


/*!40101 SET @OLD_CHARACTER_SET_CLIENT=@@CHARACTER_SET_CLIENT */;
/*!40101 SET @OLD_CHARACTER_SET_RESULTS=@@CHARACTER_SET_RESULTS */;
/*!40101 SET @OLD_COLLATION_CONNECTION=@@COLLATION_CONNECTION */;
/*!40101 SET NAMES utf8 */;

--
-- Database: `avecrm`
--

-- --------------------------------------------------------

--
-- Table structure for table `banned`
--

CREATE TABLE IF NOT EXISTS `banned` (
  `id` int(11) NOT NULL AUTO_INCREMENT,
  `ip` varchar(15) NOT NULL,
  `created_at` datetime NOT NULL,
  `updated_at` datetime NOT NULL,
  `deleted_at` datetime NOT NULL,
  `created_by` int(11) NOT NULL,
  `updated_by` int(11) NOT NULL,
  `deleted_by` int(11) NOT NULL,
  PRIMARY KEY (`id`)
) ENGINE=MyISAM  DEFAULT CHARSET=utf8 AUTO_INCREMENT=8 ;

--
-- Dumping data for table `banned`
--

INSERT INTO `banned` (`id`, `ip`, `created_at`, `updated_at`, `deleted_at`, `created_by`, `updated_by`, `deleted_by`) VALUES
(2, '100.10.25.40', '2015-05-19 16:37:54', '0000-00-00 00:00:00', '0000-00-00 00:00:00', 1, 0, 0);

-- --------------------------------------------------------

--
-- Table structure for table `cities`
--

CREATE TABLE IF NOT EXISTS `cities` (
  `id` int(11) NOT NULL AUTO_INCREMENT,
  `name` varchar(200) NOT NULL,
  `created_at` datetime DEFAULT NULL,
  `created_by` int(11) DEFAULT NULL,
  `updated_at` datetime DEFAULT NULL,
  `updated_by` int(11) DEFAULT NULL,
  `deleted_at` datetime DEFAULT NULL,
  `deleted_by` int(11) DEFAULT NULL,
  PRIMARY KEY (`id`),
  KEY `name` (`name`)
) ENGINE=InnoDB  DEFAULT CHARSET=utf8 AUTO_INCREMENT=2 ;

--
-- Dumping data for table `cities`
--

INSERT INTO `cities` (`id`, `name`, `created_at`, `created_by`, `updated_at`, `updated_by`, `deleted_at`, `deleted_by`) VALUES
(1, 'Bucuresti', '2015-11-18 13:54:15', 1, '2015-11-18 13:59:57', 1, NULL, NULL);

-- --------------------------------------------------------

--
-- Table structure for table `ci_sessions`
--

CREATE TABLE IF NOT EXISTS `ci_sessions` (
  `id` varchar(40) NOT NULL,
  `ip_address` varchar(45) NOT NULL,
  `timestamp` int(10) unsigned NOT NULL DEFAULT '0',
  `data` blob NOT NULL,
  KEY `ci_sessions_timestamp` (`timestamp`)
) ENGINE=InnoDB DEFAULT CHARSET=utf8;

--
-- Dumping data for table `ci_sessions`
--

INSERT INTO `ci_sessions` (`id`, `ip_address`, `timestamp`, `data`) VALUES
('c362e1eabc071461decdd79d98a79badbdf130f6', '::1', 1446021078, 0x5f5f63695f6c6173745f726567656e65726174657c693a313434363032313037383b),
('7ffa2661a8630ed861f382be591298c2f9dcf4fd', '::1', 1446028727, 0x5f5f63695f6c6173745f726567656e65726174657c693a313434363032383437363b),
('3b4ca82b6fd743911472012e7e40be6fae7782da', '::1', 1446029848, 0x5f5f63695f6c6173745f726567656e65726174657c693a313434363032393834383b),
('922276135ef764179c6ccf585a20e9c2dec2b360', '::1', 1446030646, 0x5f5f63695f6c6173745f726567656e65726174657c693a313434363033303634363b),
('cbe93a10a4c2c9f6eacfe1e419bf0b22add4427a', '::1', 1446032531, 0x5f5f63695f6c6173745f726567656e65726174657c693a313434363033323238373b617574685f6572726f72737c733a32323a223c703e496e636f7272656374204c6f67696e3c2f703e223b),
('14faea629a3076ecbff0ac9224629ff9221cc052', '::1', 1446032854, 0x5f5f63695f6c6173745f726567656e65726174657c693a313434363033323835313b6964656e746974797c733a31333a2261646d696e6973747261746f72223b757365726e616d657c733a31333a2261646d696e6973747261746f72223b656d61696c7c733a31353a2261646d696e4061646d696e2e636f6d223b757365725f69647c733a313a2231223b6f6c645f6c6173745f6c6f67696e7c733a31303a2231343436303332383234223b),
('f5f39ed08c6491a5b28185e4788bac1ce92a91f1', '::1', 1446033192, 0x5f5f63695f6c6173745f726567656e65726174657c693a313434363033333138353b617574685f6572726f72737c733a32323a223c703e496e636f7272656374204c6f67696e3c2f703e223b),
('575f943f56bc751f7c2b7162f63b8ad55bf83f60', '::1', 1446033615, 0x5f5f63695f6c6173745f726567656e65726174657c693a313434363033333438373b),
('8a285e2ce9e75ea4871c9de5f9e241da7154f325', '::1', 1446034419, 0x5f5f63695f6c6173745f726567656e65726174657c693a313434363033343133343b6964656e746974797c733a31333a2261646d696e6973747261746f72223b757365726e616d657c733a31333a2261646d696e6973747261746f72223b656d61696c7c733a31353a2261646d696e4061646d696e2e636f6d223b757365725f69647c733a313a2231223b6f6c645f6c6173745f6c6f67696e7c733a31303a2231343436303334313237223b),
('e81629c95b17b335bf38f7749595be3778754df6', '::1', 1446034860, 0x5f5f63695f6c6173745f726567656e65726174657c693a313434363033343835383b6964656e746974797c733a31333a2261646d696e6973747261746f72223b757365726e616d657c733a31333a2261646d696e6973747261746f72223b656d61696c7c733a31353a2261646d696e4061646d696e2e636f6d223b757365725f69647c733a313a2231223b6f6c645f6c6173745f6c6f67696e7c733a31303a2231343436303334373631223b),
('c8ce453ba5fd09426e3edb9579e41b8139bf3444', '::1', 1446105707, 0x5f5f63695f6c6173745f726567656e65726174657c693a313434363130353532303b),
('3b653bcc75d85e8b26e5c4cc6fbbb5d3571015d1', '::1', 1446107263, 0x5f5f63695f6c6173745f726567656e65726174657c693a313434363130373038323b),
('f6398faf450b04031ced29d6f8e92339d74902b0', '::1', 1446109449, 0x5f5f63695f6c6173745f726567656e65726174657c693a313434363130393139383b617574685f6d6573736167657c733a34383a22546865206163636f756e7420686173206265656e20637265617465642e20596f75206d6179206e6f77206c6f67696e2e223b),
('818603f3dc89dfeac4a16fae0edd3304f2870cb4', '::1', 1446109912, 0x5f5f63695f6c6173745f726567656e65726174657c693a313434363130393832373b617574685f6d6573736167657c733a34383a22546865206163636f756e7420686173206265656e20637265617465642e20596f75206d6179206e6f77206c6f67696e2e223b6964656e746974797c733a31333a2261646d696e6973747261746f72223b757365726e616d657c733a31333a2261646d696e6973747261746f72223b656d61696c7c733a31353a2261646d696e4061646d696e2e636f6d223b757365725f69647c733a313a2231223b6f6c645f6c6173745f6c6f67696e7c733a31303a2231343436303334383630223b),
('92a2cbe362b0201f4de26bf19d98156aac3efe72', '::1', 1446110697, 0x5f5f63695f6c6173745f726567656e65726174657c693a313434363131303430363b6964656e746974797c733a383a226176656e69726572223b757365726e616d657c733a383a226176656e69726572223b656d61696c7c733a31393a226176656e69722e726f40676d61696c2e636f6d223b757365725f69647c733a313a2234223b6f6c645f6c6173745f6c6f67696e7c4e3b),
('0fba6e0f251e31c4c15a96779ea78407e8b2495c', '::1', 1446110816, 0x5f5f63695f6c6173745f726567656e65726174657c693a313434363131303738353b6964656e746974797c733a383a226176656e69726572223b757365726e616d657c733a383a226176656e69726572223b656d61696c7c733a31393a226176656e69722e726f40676d61696c2e636f6d223b757365725f69647c733a313a2234223b6f6c645f6c6173745f6c6f67696e7c4e3b),
('53eaf773e031c0857b3310fdfbc45078c238fc1e', '::1', 1446111164, 0x5f5f63695f6c6173745f726567656e65726174657c693a313434363131313136313b6964656e746974797c733a31333a2261646d696e6973747261746f72223b757365726e616d657c733a31333a2261646d696e6973747261746f72223b656d61696c7c733a31353a2261646d696e4061646d696e2e636f6d223b757365725f69647c733a313a2231223b6f6c645f6c6173745f6c6f67696e7c733a31303a2231343436313039393036223b),
('d49f455d5923ac6fcb2bbacb8d6e5263cbb39313', '::1', 1446545947, 0x5f5f63695f6c6173745f726567656e65726174657c693a313434363534353933323b6964656e746974797c733a31333a2261646d696e6973747261746f72223b757365726e616d657c733a31333a2261646d696e6973747261746f72223b656d61696c7c733a31353a2261646d696e4061646d696e2e636f6d223b757365725f69647c733a313a2231223b6f6c645f6c6173745f6c6f67696e7c733a31303a2231343436313131313634223b),
('f3539cb0b8442d81d0f2922e0995e87e297cb7e9', '::1', 1446547155, 0x5f5f63695f6c6173745f726567656e65726174657c693a313434363534363839313b6964656e746974797c733a31333a2261646d696e6973747261746f72223b757365726e616d657c733a31333a2261646d696e6973747261746f72223b656d61696c7c733a31353a2261646d696e4061646d696e2e636f6d223b757365725f69647c733a313a2231223b6f6c645f6c6173745f6c6f67696e7c733a31303a2231343436353437313239223b67726176617461727c733a383a227768617465766572223b),
('f8732d1d7a869b2d43da278fa1049c453ef726d7', '::1', 1446547241, 0x5f5f63695f6c6173745f726567656e65726174657c693a313434363534373234303b6964656e746974797c733a31333a2261646d696e6973747261746f72223b757365726e616d657c733a31333a2261646d696e6973747261746f72223b656d61696c7c733a31353a2261646d696e4061646d696e2e636f6d223b757365725f69647c733a313a2231223b6f6c645f6c6173745f6c6f67696e7c733a31303a2231343436353437323237223b67726176617461727c733a383a227768617465766572223b),
('2ba3424b94d2223e67b6bc133c014f6fd9852846', '::1', 1446548418, 0x5f5f63695f6c6173745f726567656e65726174657c693a313434363534383431313b617574685f6d6573736167657c733a32323a223c703e496e636f7272656374204c6f67696e3c2f703e223b5f5f63695f766172737c613a313a7b733a31323a22617574685f6d657373616765223b733a333a226f6c64223b7d),
('5b45e071b90403e38bff78556b4e59f6c70c8da0', '::1', 1446548925, 0x5f5f63695f6c6173745f726567656e65726174657c693a313434363534383931393b6964656e746974797c733a31333a2261646d696e6973747261746f72223b757365726e616d657c733a31333a2261646d696e6973747261746f72223b656d61696c7c733a31353a2261646d696e4061646d696e2e636f6d223b757365725f69647c733a313a2231223b6f6c645f6c6173745f6c6f67696e7c733a31303a2231343436353438393137223b67726176617461727c733a33323a223634653162386433346634323564313965316565326561373233366433303238223b),
('e53b117c058d3d2fc16e91fafd0e6a6ec440a443', '::1', 1446732440, 0x5f5f63695f6c6173745f726567656e65726174657c693a313434363733323339363b6964656e746974797c733a31333a2261646d696e6973747261746f72223b757365726e616d657c733a31333a2261646d696e6973747261746f72223b656d61696c7c733a31353a2261646d696e4061646d696e2e636f6d223b757365725f69647c733a313a2231223b6f6c645f6c6173745f6c6f67696e7c733a31303a2231343436353438393235223b67726176617461727c733a33323a223634653162386433346634323564313965316565326561373233366433303238223b),
('d58233871ef351f9625d2eb343f94721665c313d', '::1', 1446735821, 0x5f5f63695f6c6173745f726567656e65726174657c693a313434363733353532313b6964656e746974797c733a31333a2261646d696e6973747261746f72223b757365726e616d657c733a31333a2261646d696e6973747261746f72223b656d61696c7c733a31353a2261646d696e4061646d696e2e636f6d223b757365725f69647c733a313a2231223b6f6c645f6c6173745f6c6f67696e7c733a31303a2231343436353438393235223b67726176617461727c733a33323a223634653162386433346634323564313965316565326561373233366433303238223b),
('05526276511b8990168c8d164cc485b29889051d', '::1', 1446736020, 0x5f5f63695f6c6173745f726567656e65726174657c693a313434363733353833313b6964656e746974797c733a31333a2261646d696e6973747261746f72223b757365726e616d657c733a31333a2261646d696e6973747261746f72223b656d61696c7c733a31353a2261646d696e4061646d696e2e636f6d223b757365725f69647c733a313a2231223b6f6c645f6c6173745f6c6f67696e7c733a31303a2231343436353438393235223b67726176617461727c733a33323a223634653162386433346634323564313965316565326561373233366433303238223b),
('9e5dfe796d371684416cf2a94ab91370831cd386', '::1', 1446736581, 0x5f5f63695f6c6173745f726567656e65726174657c693a313434363733363435313b6964656e746974797c733a31333a2261646d696e6973747261746f72223b757365726e616d657c733a31333a2261646d696e6973747261746f72223b656d61696c7c733a31353a2261646d696e4061646d696e2e636f6d223b757365725f69647c733a313a2231223b6f6c645f6c6173745f6c6f67696e7c733a31303a2231343436373332343339223b67726176617461727c733a33323a223634653162386433346634323564313965316565326561373233366433303238223b),
('c7fee9e86591852c63d7c2bf401bd92c57031fa1', '::1', 1446795258, 0x5f5f63695f6c6173745f726567656e65726174657c693a313434363739343936303b6964656e746974797c733a31333a2261646d696e6973747261746f72223b757365726e616d657c733a31333a2261646d696e6973747261746f72223b656d61696c7c733a31353a2261646d696e4061646d696e2e636f6d223b757365725f69647c733a313a2231223b6f6c645f6c6173745f6c6f67696e7c733a31303a2231343436373336343535223b67726176617461727c733a33323a223634653162386433346634323564313965316565326561373233366433303238223b),
('f75c5ba96a5fe53bfe8cc3998bbe58135d927381', '::1', 1446795375, 0x5f5f63695f6c6173745f726567656e65726174657c693a313434363739353337353b6964656e746974797c733a31333a2261646d696e6973747261746f72223b757365726e616d657c733a31333a2261646d696e6973747261746f72223b656d61696c7c733a31353a2261646d696e4061646d696e2e636f6d223b757365725f69647c733a313a2231223b6f6c645f6c6173745f6c6f67696e7c733a31303a2231343436373336343535223b67726176617461727c733a33323a223634653162386433346634323564313965316565326561373233366433303238223b),
('90e3c79044b27dd02adfa1be2d5a675df8b5c6d7', '::1', 1446795776, 0x5f5f63695f6c6173745f726567656e65726174657c693a313434363739353737363b6964656e746974797c733a31333a2261646d696e6973747261746f72223b757365726e616d657c733a31333a2261646d696e6973747261746f72223b656d61696c7c733a31353a2261646d696e4061646d696e2e636f6d223b757365725f69647c733a313a2231223b6f6c645f6c6173745f6c6f67696e7c733a31303a2231343436373336343535223b67726176617461727c733a33323a223634653162386433346634323564313965316565326561373233366433303238223b),
('cd898aa5ea1161b4665cb8e18de890bd592789b4', '::1', 1446795777, 0x5f5f63695f6c6173745f726567656e65726174657c693a313434363739353737373b6964656e746974797c733a31333a2261646d696e6973747261746f72223b757365726e616d657c733a31333a2261646d696e6973747261746f72223b656d61696c7c733a31353a2261646d696e4061646d696e2e636f6d223b757365725f69647c733a313a2231223b6f6c645f6c6173745f6c6f67696e7c733a31303a2231343436373336343535223b67726176617461727c733a33323a223634653162386433346634323564313965316565326561373233366433303238223b),
('2774228be4353f7c9fd3f5d42a393e4b6a27d7f5', '::1', 1446800814, 0x5f5f63695f6c6173745f726567656e65726174657c693a313434363830303831333b6964656e746974797c733a31333a2261646d696e6973747261746f72223b757365726e616d657c733a31333a2261646d696e6973747261746f72223b656d61696c7c733a31353a2261646d696e4061646d696e2e636f6d223b757365725f69647c733a313a2231223b6f6c645f6c6173745f6c6f67696e7c733a31303a2231343436373336343535223b67726176617461727c733a33323a223634653162386433346634323564313965316565326561373233366433303238223b),
('511b7924699d6b1777716e1d1cc39b5e2010d97e', '::1', 1446801474, 0x5f5f63695f6c6173745f726567656e65726174657c693a313434363830313139323b6964656e746974797c733a31333a2261646d696e6973747261746f72223b757365726e616d657c733a31333a2261646d696e6973747261746f72223b656d61696c7c733a31353a2261646d696e4061646d696e2e636f6d223b757365725f69647c733a313a2231223b6f6c645f6c6173745f6c6f67696e7c733a31303a2231343436373336343535223b67726176617461727c733a33323a223634653162386433346634323564313965316565326561373233366433303238223b),
('bbe27cc2b128b8a2b27145a104cbde0e6ca41d5e', '::1', 1446801503, 0x5f5f63695f6c6173745f726567656e65726174657c693a313434363830313530333b6964656e746974797c733a31333a2261646d696e6973747261746f72223b757365726e616d657c733a31333a2261646d696e6973747261746f72223b656d61696c7c733a31353a2261646d696e4061646d696e2e636f6d223b757365725f69647c733a313a2231223b6f6c645f6c6173745f6c6f67696e7c733a31303a2231343436373336343535223b67726176617461727c733a33323a223634653162386433346634323564313965316565326561373233366433303238223b),
('d9ac942d2d522a9683e2c49328ba1e2f6c44cb04', '::1', 1446804892, 0x5f5f63695f6c6173745f726567656e65726174657c693a313434363830343632343b6964656e746974797c733a31333a2261646d696e6973747261746f72223b757365726e616d657c733a31333a2261646d696e6973747261746f72223b656d61696c7c733a31353a2261646d696e4061646d696e2e636f6d223b757365725f69647c733a313a2231223b6f6c645f6c6173745f6c6f67696e7c733a31303a2231343436373336343535223b67726176617461727c733a33323a223634653162386433346634323564313965316565326561373233366433303238223b),
('e1593517212fae54ec307b63dcfacfee8b311891', '::1', 1446805227, 0x5f5f63695f6c6173745f726567656e65726174657c693a313434363830343937343b6964656e746974797c733a31333a2261646d696e6973747261746f72223b757365726e616d657c733a31333a2261646d696e6973747261746f72223b656d61696c7c733a31353a2261646d696e4061646d696e2e636f6d223b757365725f69647c733a313a2231223b6f6c645f6c6173745f6c6f67696e7c733a31303a2231343436373336343535223b67726176617461727c733a33323a223634653162386433346634323564313965316565326561373233366433303238223b706f7374616c7c613a313a7b733a373a2273756363657373223b613a313a7b693a303b733a34373a223c703e4163636f756e7420496e666f726d6174696f6e205375636365737366756c6c7920557064617465643c2f703e223b7d7d),
('436c0082d5f08ccdee9144e0dc3b003a22ab6b52', '::1', 1446805455, 0x5f5f63695f6c6173745f726567656e65726174657c693a313434363830353337303b6964656e746974797c733a31333a2261646d696e6973747261746f72223b757365726e616d657c733a31333a2261646d696e6973747261746f72223b656d61696c7c733a31353a2261646d696e4061646d696e2e636f6d223b757365725f69647c733a313a2231223b6f6c645f6c6173745f6c6f67696e7c733a31303a2231343436373934393633223b67726176617461727c733a33323a223634653162386433346634323564313965316565326561373233366433303238223b),
('d6f43f6366defd1e11d18cba97033d6f8415a5cc', '::1', 1446805677, 0x5f5f63695f6c6173745f726567656e65726174657c693a313434363830353637373b6964656e746974797c733a31333a2261646d696e6973747261746f72223b757365726e616d657c733a31333a2261646d696e6973747261746f72223b656d61696c7c733a31353a2261646d696e4061646d696e2e636f6d223b757365725f69647c733a313a2231223b6f6c645f6c6173745f6c6f67696e7c733a31303a2231343436373934393633223b67726176617461727c733a33323a223634653162386433346634323564313965316565326561373233366433303238223b),
('24b7e427d2226ccf91ff0b25e50302ac0052d53f', '::1', 1446806185, 0x5f5f63695f6c6173745f726567656e65726174657c693a313434363830363032303b6964656e746974797c733a31333a2261646d696e6973747261746f72223b757365726e616d657c733a31333a2261646d696e6973747261746f72223b656d61696c7c733a31353a2261646d696e4061646d696e2e636f6d223b757365725f69647c733a313a2231223b6f6c645f6c6173745f6c6f67696e7c733a31303a2231343436373934393633223b67726176617461727c733a33323a223634653162386433346634323564313965316565326561373233366433303238223b),
('5f316f62f2a4d474020d60f79bf5c68964781e30', '::1', 1446806664, 0x5f5f63695f6c6173745f726567656e65726174657c693a313434363830363433313b6964656e746974797c733a31333a2261646d696e6973747261746f72223b757365726e616d657c733a31333a2261646d696e6973747261746f72223b656d61696c7c733a31353a2261646d696e4061646d696e2e636f6d223b757365725f69647c733a313a2231223b6f6c645f6c6173745f6c6f67696e7c733a31303a2231343436373934393633223b67726176617461727c733a33323a223634653162386433346634323564313965316565326561373233366433303238223b),
('d2e6df77d3d4af995ee2f25e3b1b8db8ff423258', '::1', 1446807021, 0x5f5f63695f6c6173745f726567656e65726174657c693a313434363830363939333b6964656e746974797c733a31333a2261646d696e6973747261746f72223b757365726e616d657c733a31333a2261646d696e6973747261746f72223b656d61696c7c733a31353a2261646d696e4061646d696e2e636f6d223b757365725f69647c733a313a2231223b6f6c645f6c6173745f6c6f67696e7c733a31303a2231343436373934393633223b67726176617461727c733a33323a223634653162386433346634323564313965316565326561373233366433303238223b),
('5f59d55a4551beb0fc58b9defff0f20e6524138e', '::1', 1446807299, 0x5f5f63695f6c6173745f726567656e65726174657c693a313434363830373032313b6964656e746974797c733a31333a2261646d696e6973747261746f72223b757365726e616d657c733a31333a2261646d696e6973747261746f72223b656d61696c7c733a31353a2261646d696e4061646d696e2e636f6d223b757365725f69647c733a313a2231223b6f6c645f6c6173745f6c6f67696e7c733a31303a2231343436373934393633223b67726176617461727c733a33323a223634653162386433346634323564313965316565326561373233366433303238223b),
('30418828c939d2b2347c6021167cac52112b60f1', '::1', 1446807937, 0x5f5f63695f6c6173745f726567656e65726174657c693a313434363830373735383b6964656e746974797c733a31333a2261646d696e6973747261746f72223b757365726e616d657c733a31333a2261646d696e6973747261746f72223b656d61696c7c733a31353a2261646d696e4061646d696e2e636f6d223b757365725f69647c733a313a2231223b6f6c645f6c6173745f6c6f67696e7c733a31303a2231343436373934393633223b67726176617461727c733a33323a223634653162386433346634323564313965316565326561373233366433303238223b706f7374616c7c613a303a7b7d),
('fe00414a8e0639f3c4054acf25023dc61913857c', '::1', 1446808756, 0x5f5f63695f6c6173745f726567656e65726174657c693a313434363830383538303b6964656e746974797c733a31333a2261646d696e6973747261746f72223b757365726e616d657c733a31333a2261646d696e6973747261746f72223b656d61696c7c733a31353a2261646d696e4061646d696e2e636f6d223b757365725f69647c733a313a2231223b6f6c645f6c6173745f6c6f67696e7c733a31303a2231343436373934393633223b67726176617461727c733a33323a223634653162386433346634323564313965316565326561373233366433303238223b706f7374616c7c613a303a7b7d),
('0ae8fee58b1c2ee4c4d38af2f66a3bc7ec3d3c72', '::1', 1446810459, 0x5f5f63695f6c6173745f726567656e65726174657c693a313434363831303435353b6964656e746974797c733a31333a2261646d696e6973747261746f72223b757365726e616d657c733a31333a2261646d696e6973747261746f72223b656d61696c7c733a31353a2261646d696e4061646d696e2e636f6d223b757365725f69647c733a313a2231223b6f6c645f6c6173745f6c6f67696e7c733a31303a2231343436383035333738223b67726176617461727c733a33323a223634653162386433346634323564313965316565326561373233366433303238223b),
('eb5e7f296aa80dd4950480aabb43d5c5fbd46f13', '::1', 1446813347, 0x5f5f63695f6c6173745f726567656e65726174657c693a313434363831333230353b6964656e746974797c733a31333a2261646d696e6973747261746f72223b757365726e616d657c733a31333a2261646d696e6973747261746f72223b656d61696c7c733a31353a2261646d696e4061646d696e2e636f6d223b757365725f69647c733a313a2231223b6f6c645f6c6173745f6c6f67696e7c733a31303a2231343436383035333738223b67726176617461727c733a33323a223634653162386433346634323564313965316565326561373233366433303238223b),
('ef2a62e9d5d8d4a750d8df18b388b15148c97964', '::1', 1446813732, 0x5f5f63695f6c6173745f726567656e65726174657c693a313434363831333537313b6964656e746974797c733a31333a2261646d696e6973747261746f72223b757365726e616d657c733a31333a2261646d696e6973747261746f72223b656d61696c7c733a31353a2261646d696e4061646d696e2e636f6d223b757365725f69647c733a313a2231223b6f6c645f6c6173745f6c6f67696e7c733a31303a2231343436383035333738223b67726176617461727c733a33323a223634653162386433346634323564313965316565326561373233366433303238223b),
('621b637f8f5ca9b728f7fe222b37f80c284f57b7', '::1', 1446818071, 0x5f5f63695f6c6173745f726567656e65726174657c693a313434363831373738323b6964656e746974797c733a31333a2261646d696e6973747261746f72223b757365726e616d657c733a31333a2261646d696e6973747261746f72223b656d61696c7c733a31353a2261646d696e4061646d696e2e636f6d223b757365725f69647c733a313a2231223b6f6c645f6c6173745f6c6f67696e7c733a31303a2231343436383035333738223b67726176617461727c733a33323a223634653162386433346634323564313965316565326561373233366433303238223b),
('b92ed29dea25208ce44d302b4907c6ef97bd8e6b', '::1', 1446818378, 0x5f5f63695f6c6173745f726567656e65726174657c693a313434363831383130333b6964656e746974797c733a31333a2261646d696e6973747261746f72223b757365726e616d657c733a31333a2261646d696e6973747261746f72223b656d61696c7c733a31353a2261646d696e4061646d696e2e636f6d223b757365725f69647c733a313a2231223b6f6c645f6c6173745f6c6f67696e7c733a31303a2231343436383035333738223b67726176617461727c733a33323a223634653162386433346634323564313965316565326561373233366433303238223b),
('f4163f3e22575cb80440bc176a133826f88004df', '::1', 1446818711, 0x5f5f63695f6c6173745f726567656e65726174657c693a313434363831383433343b6964656e746974797c733a31333a2261646d696e6973747261746f72223b757365726e616d657c733a31333a2261646d696e6973747261746f72223b656d61696c7c733a31353a2261646d696e4061646d696e2e636f6d223b757365725f69647c733a313a2231223b6f6c645f6c6173745f6c6f67696e7c733a31303a2231343436383035333738223b67726176617461727c733a33323a223634653162386433346634323564313965316565326561373233366433303238223b),
('2eef8fa039ad82586835761e974424bcc7a03a57', '::1', 1446818993, 0x5f5f63695f6c6173745f726567656e65726174657c693a313434363831383734303b6964656e746974797c733a31333a2261646d696e6973747261746f72223b757365726e616d657c733a31333a2261646d696e6973747261746f72223b656d61696c7c733a31353a2261646d696e4061646d696e2e636f6d223b757365725f69647c733a313a2231223b6f6c645f6c6173745f6c6f67696e7c733a31303a2231343436383035333738223b67726176617461727c733a33323a223634653162386433346634323564313965316565326561373233366433303238223b),
('dbe079a095909d7a02dc09a91009e80408178517', '::1', 1446819431, 0x5f5f63695f6c6173745f726567656e65726174657c693a313434363831393139343b6964656e746974797c733a31333a2261646d696e6973747261746f72223b757365726e616d657c733a31333a2261646d696e6973747261746f72223b656d61696c7c733a31353a2261646d696e4061646d696e2e636f6d223b757365725f69647c733a313a2231223b6f6c645f6c6173745f6c6f67696e7c733a31303a2231343436383035333738223b67726176617461727c733a33323a223634653162386433346634323564313965316565326561373233366433303238223b706f7374616c7c613a303a7b7d),
('46ee237d49501dbd2ac8cd44544a05bbb2e9eaff', '::1', 1446819825, 0x5f5f63695f6c6173745f726567656e65726174657c693a313434363831393535363b6964656e746974797c733a31333a2261646d696e6973747261746f72223b757365726e616d657c733a31333a2261646d696e6973747261746f72223b656d61696c7c733a31353a2261646d696e4061646d696e2e636f6d223b757365725f69647c733a313a2231223b6f6c645f6c6173745f6c6f67696e7c733a31303a2231343436383035333738223b67726176617461727c733a33323a223634653162386433346634323564313965316565326561373233366433303238223b706f7374616c7c613a303a7b7d),
('48434c1c21107b9734a079d7a90ba4c186306e24', '::1', 1446820096, 0x5f5f63695f6c6173745f726567656e65726174657c693a313434363831393837303b6964656e746974797c733a31333a2261646d696e6973747261746f72223b757365726e616d657c733a31333a2261646d696e6973747261746f72223b656d61696c7c733a31353a2261646d696e4061646d696e2e636f6d223b757365725f69647c733a313a2231223b6f6c645f6c6173745f6c6f67696e7c733a31303a2231343436383035333738223b67726176617461727c733a33323a223634653162386433346634323564313965316565326561373233366433303238223b706f7374616c7c613a303a7b7d),
('fbddf108b12b94729606d12751423b7a8600326e', '::1', 1446820253, 0x5f5f63695f6c6173745f726567656e65726174657c693a313434363832303232343b6964656e746974797c733a31333a2261646d696e6973747261746f72223b757365726e616d657c733a31333a2261646d696e6973747261746f72223b656d61696c7c733a31353a2261646d696e4061646d696e2e636f6d223b757365725f69647c733a313a2231223b6f6c645f6c6173745f6c6f67696e7c733a31303a2231343436383035333738223b67726176617461727c733a33323a223634653162386433346634323564313965316565326561373233366433303238223b706f7374616c7c613a303a7b7d),
('9b2e45e65c210a3a41bfaa0bd04d3cba65706837', '::1', 1446821279, 0x5f5f63695f6c6173745f726567656e65726174657c693a313434363832313230323b6964656e746974797c733a31333a2261646d696e6973747261746f72223b757365726e616d657c733a31333a2261646d696e6973747261746f72223b656d61696c7c733a31353a2261646d696e4061646d696e2e636f6d223b757365725f69647c733a313a2231223b6f6c645f6c6173745f6c6f67696e7c733a31303a2231343436383035333738223b67726176617461727c733a33323a223634653162386433346634323564313965316565326561373233366433303238223b706f7374616c7c613a303a7b7d),
('6890551ab274a5dde0c3cc108f7308ffa0f91faf', '::1', 1446823717, 0x5f5f63695f6c6173745f726567656e65726174657c693a313434363832333530363b6964656e746974797c733a31333a2261646d696e6973747261746f72223b757365726e616d657c733a31333a2261646d696e6973747261746f72223b656d61696c7c733a31353a2261646d696e4061646d696e2e636f6d223b757365725f69647c733a313a2231223b6f6c645f6c6173745f6c6f67696e7c733a31303a2231343436383130343538223b67726176617461727c733a33323a223634653162386433346634323564313965316565326561373233366433303238223b),
('2f599080f06c80e388ea4dfcc3adbf6e27b1b25d', '::1', 1446823911, 0x5f5f63695f6c6173745f726567656e65726174657c693a313434363832333835383b6964656e746974797c733a31333a2261646d696e6973747261746f72223b757365726e616d657c733a31333a2261646d696e6973747261746f72223b656d61696c7c733a31353a2261646d696e4061646d696e2e636f6d223b757365725f69647c733a313a2231223b6f6c645f6c6173745f6c6f67696e7c733a31303a2231343436383130343538223b67726176617461727c733a33323a223634653162386433346634323564313965316565326561373233366433303238223b),
('cbff5359adc70e3f2f2ce966ba5ea61d7a5c1ca8', '::1', 1447149455, 0x5f5f63695f6c6173745f726567656e65726174657c693a313434373134393434323b6964656e746974797c733a31333a2261646d696e6973747261746f72223b757365726e616d657c733a31333a2261646d696e6973747261746f72223b656d61696c7c733a31353a2261646d696e4061646d696e2e636f6d223b757365725f69647c733a313a2231223b6f6c645f6c6173745f6c6f67696e7c733a31303a2231343436383233353132223b67726176617461727c733a33323a223634653162386433346634323564313965316565326561373233366433303238223b),
('8f13666416cf70872248c1d58331983ceb68eb31', '::1', 1447149811, 0x5f5f63695f6c6173745f726567656e65726174657c693a313434373134393739383b6964656e746974797c733a31333a2261646d696e6973747261746f72223b757365726e616d657c733a31333a2261646d696e6973747261746f72223b656d61696c7c733a31353a2261646d696e4061646d696e2e636f6d223b757365725f69647c733a313a2231223b6f6c645f6c6173745f6c6f67696e7c733a31303a2231343436383233353132223b67726176617461727c733a33323a223634653162386433346634323564313965316565326561373233366433303238223b),
('37e0d7ed499ed8fc672a03f62ddd5916fc064640', '::1', 1447150222, 0x5f5f63695f6c6173745f726567656e65726174657c693a313434373135303231393b6964656e746974797c733a31333a2261646d696e6973747261746f72223b757365726e616d657c733a31333a2261646d696e6973747261746f72223b656d61696c7c733a31353a2261646d696e4061646d696e2e636f6d223b757365725f69647c733a313a2231223b6f6c645f6c6173745f6c6f67696e7c733a31303a2231343436383233353132223b67726176617461727c733a33323a223634653162386433346634323564313965316565326561373233366433303238223b),
('7cead549f3a428d41cbaefc5f5c5558563e4e10c', '::1', 1447151035, 0x5f5f63695f6c6173745f726567656e65726174657c693a313434373135303735323b),
('60ce63cfac621e4a88f9ca9513c794ea1842304c', '::1', 1447151350, 0x5f5f63695f6c6173745f726567656e65726174657c693a313434373135313036303b6964656e746974797c733a31333a2261646d696e6973747261746f72223b757365726e616d657c733a31333a2261646d696e6973747261746f72223b656d61696c7c733a31353a2261646d696e4061646d696e2e636f6d223b757365725f69647c733a313a2231223b6f6c645f6c6173745f6c6f67696e7c733a31303a2231343437313530363433223b67726176617461727c733a33323a223634653162386433346634323564313965316565326561373233366433303238223b706f7374616c7c613a303a7b7d),
('6f2c8a02c0ffc0c40c32b12058f3fd3cb5711e99', '::1', 1447151663, 0x5f5f63695f6c6173745f726567656e65726174657c693a313434373135313336353b6964656e746974797c733a31333a2261646d696e6973747261746f72223b757365726e616d657c733a31333a2261646d696e6973747261746f72223b656d61696c7c733a31353a2261646d696e4061646d696e2e636f6d223b757365725f69647c733a313a2231223b6f6c645f6c6173745f6c6f67696e7c733a31303a2231343437313530363433223b67726176617461727c733a33323a223634653162386433346634323564313965316565326561373233366433303238223b706f7374616c7c613a303a7b7d),
('1d70677630ad928422c6978971aeba322c2479af', '::1', 1447151617, 0x5f5f63695f6c6173745f726567656e65726174657c693a313434373135313437363b),
('a7a10bbb905592d6b02b0876f23991ff527d2df4', '::1', 1447151915, 0x5f5f63695f6c6173745f726567656e65726174657c693a313434373135313730303b),
('91566e287ca891b9b8f1f7a3a025e026618abec4', '::1', 1447153084, 0x5f5f63695f6c6173745f726567656e65726174657c693a313434373135323836383b6964656e746974797c733a31333a2261646d696e6973747261746f72223b757365726e616d657c733a31333a2261646d696e6973747261746f72223b656d61696c7c733a31353a2261646d696e4061646d696e2e636f6d223b757365725f69647c733a313a2231223b6f6c645f6c6173745f6c6f67696e7c733a31303a2231343437313532383237223b67726176617461727c733a33323a223634653162386433346634323564313965316565326561373233366433303238223b),
('4773d30f44dd37751c783774212c8459d71df1ba', '::1', 1447153398, 0x5f5f63695f6c6173745f726567656e65726174657c693a313434373135333339353b),
('1e4573ee908a698653e2e381ba855aee82f60b05', '::1', 1447154064, 0x5f5f63695f6c6173745f726567656e65726174657c693a313434373135333932383b6964656e746974797c733a31333a2261646d696e6973747261746f72223b757365726e616d657c733a31333a2261646d696e6973747261746f72223b656d61696c7c733a31353a2261646d696e4061646d696e2e636f6d223b757365725f69647c733a313a2231223b6f6c645f6c6173745f6c6f67696e7c733a31303a2231343437313533303833223b67726176617461727c733a33323a223634653162386433346634323564313965316565326561373233366433303238223b),
('bcfe9310880a2462bdb2770be8906baa05a3a619', '::1', 1447154684, 0x5f5f63695f6c6173745f726567656e65726174657c693a313434373135343338353b6964656e746974797c733a31333a2261646d696e6973747261746f72223b757365726e616d657c733a31333a2261646d696e6973747261746f72223b656d61696c7c733a31353a2261646d696e4061646d696e2e636f6d223b757365725f69647c733a313a2231223b6f6c645f6c6173745f6c6f67696e7c733a31303a2231343437313533303833223b67726176617461727c733a33323a223634653162386433346634323564313965316565326561373233366433303238223b),
('65199cd8a544a679b64314a15c89168bb5aa55a4', '::1', 1447154987, 0x5f5f63695f6c6173745f726567656e65726174657c693a313434373135343830373b6964656e746974797c733a31333a2261646d696e6973747261746f72223b757365726e616d657c733a31333a2261646d696e6973747261746f72223b656d61696c7c733a31353a2261646d696e4061646d696e2e636f6d223b757365725f69647c733a313a2231223b6f6c645f6c6173745f6c6f67696e7c733a31303a2231343437313534303438223b67726176617461727c733a33323a223634653162386433346634323564313965316565326561373233366433303238223b706f7374616c7c613a303a7b7d),
('cf90e5b80bd480ff64894542dc957660f3219e1b', '::1', 1447767202, 0x5f5f63695f6c6173745f726567656e65726174657c693a313434373736373030393b6964656e746974797c733a31333a2261646d696e6973747261746f72223b757365726e616d657c733a31333a2261646d696e6973747261746f72223b656d61696c7c733a31353a2261646d696e4061646d696e2e636f6d223b757365725f69647c733a313a2231223b6f6c645f6c6173745f6c6f67696e7c733a31303a2231343437313534383134223b67726176617461727c733a33323a223634653162386433346634323564313965316565326561373233366433303238223b706f7374616c7c613a303a7b7d),
('e2f6ef90d2a40993ecdcbb2ae72e1aac85522d05', '::1', 1447771190, 0x5f5f63695f6c6173745f726567656e65726174657c693a313434373737303932363b6964656e746974797c733a31333a2261646d696e6973747261746f72223b757365726e616d657c733a31333a2261646d696e6973747261746f72223b656d61696c7c733a31353a2261646d696e4061646d696e2e636f6d223b757365725f69647c733a313a2231223b6f6c645f6c6173745f6c6f67696e7c733a31303a2231343437313534383134223b67726176617461727c733a33323a223634653162386433346634323564313965316565326561373233366433303238223b706f7374616c7c613a303a7b7d),
('c28d4ebbc8a7e09eb48d6d7fe5532fd903439f3a', '::1', 1447774112, 0x5f5f63695f6c6173745f726567656e65726174657c693a313434373737343131323b6964656e746974797c733a31333a2261646d696e6973747261746f72223b757365726e616d657c733a31333a2261646d696e6973747261746f72223b656d61696c7c733a31353a2261646d696e4061646d696e2e636f6d223b757365725f69647c733a313a2231223b6f6c645f6c6173745f6c6f67696e7c733a31303a2231343437313534383134223b67726176617461727c733a33323a223634653162386433346634323564313965316565326561373233366433303238223b706f7374616c7c613a303a7b7d),
('b7df191b73c3c0c2dac82f91b5fe0f7ea404ce10', '::1', 1447831326, 0x5f5f63695f6c6173745f726567656e65726174657c693a313434373833313135373b6964656e746974797c733a31333a2261646d696e6973747261746f72223b757365726e616d657c733a31333a2261646d696e6973747261746f72223b656d61696c7c733a31353a2261646d696e4061646d696e2e636f6d223b757365725f69647c733a313a2231223b6f6c645f6c6173745f6c6f67696e7c733a31303a2231343437373637303337223b67726176617461727c733a33323a223634653162386433346634323564313965316565326561373233366433303238223b),
('0a3253779ddb39f981f2821b45cb8927d1e2caf7', '::1', 1447833441, 0x5f5f63695f6c6173745f726567656e65726174657c693a313434373833333233363b6964656e746974797c733a31333a2261646d696e6973747261746f72223b757365726e616d657c733a31333a2261646d696e6973747261746f72223b656d61696c7c733a31353a2261646d696e4061646d696e2e636f6d223b757365725f69647c733a313a2231223b6f6c645f6c6173745f6c6f67696e7c733a31303a2231343437373637303337223b67726176617461727c733a33323a223634653162386433346634323564313965316565326561373233366433303238223b),
('c380d6d19bba0a76c49cb82f6c018fd04c34bbec', '::1', 1447833590, 0x5f5f63695f6c6173745f726567656e65726174657c693a313434373833333539303b6964656e746974797c733a31333a2261646d696e6973747261746f72223b757365726e616d657c733a31333a2261646d696e6973747261746f72223b656d61696c7c733a31353a2261646d696e4061646d696e2e636f6d223b757365725f69647c733a313a2231223b6f6c645f6c6173745f6c6f67696e7c733a31303a2231343437373637303337223b67726176617461727c733a33323a223634653162386433346634323564313965316565326561373233366433303238223b),
('76b6b698809188737c9dd8b865c50888d945c11f', '::1', 1447834632, 0x5f5f63695f6c6173745f726567656e65726174657c693a313434373833343534333b6964656e746974797c733a31333a2261646d696e6973747261746f72223b757365726e616d657c733a31333a2261646d696e6973747261746f72223b656d61696c7c733a31353a2261646d696e4061646d696e2e636f6d223b757365725f69647c733a313a2231223b6f6c645f6c6173745f6c6f67696e7c733a31303a2231343437373637303337223b67726176617461727c733a33323a223634653162386433346634323564313965316565326561373233366433303238223b),
('dd2bf344fcb08309129840d867c1fa84f5e24bc2', '::1', 1447834942, 0x5f5f63695f6c6173745f726567656e65726174657c693a313434373833343930313b6964656e746974797c733a31333a2261646d696e6973747261746f72223b757365726e616d657c733a31333a2261646d696e6973747261746f72223b656d61696c7c733a31353a2261646d696e4061646d696e2e636f6d223b757365725f69647c733a313a2231223b6f6c645f6c6173745f6c6f67696e7c733a31303a2231343437373637303337223b67726176617461727c733a33323a223634653162386433346634323564313965316565326561373233366433303238223b),
('3208e74263f2822607c623f78385bba4ca841b4c', '::1', 1447835506, 0x5f5f63695f6c6173745f726567656e65726174657c693a313434373833353234313b6964656e746974797c733a31333a2261646d696e6973747261746f72223b757365726e616d657c733a31333a2261646d696e6973747261746f72223b656d61696c7c733a31353a2261646d696e4061646d696e2e636f6d223b757365725f69647c733a313a2231223b6f6c645f6c6173745f6c6f67696e7c733a31303a2231343437373637303337223b67726176617461727c733a33323a223634653162386433346634323564313965316565326561373233366433303238223b),
('29a24d2b66d15bc2b0727217018db01ac374f513', '::1', 1447835761, 0x5f5f63695f6c6173745f726567656e65726174657c693a313434373833353535323b6964656e746974797c733a31333a2261646d696e6973747261746f72223b757365726e616d657c733a31333a2261646d696e6973747261746f72223b656d61696c7c733a31353a2261646d696e4061646d696e2e636f6d223b757365725f69647c733a313a2231223b6f6c645f6c6173745f6c6f67696e7c733a31303a2231343437373637303337223b67726176617461727c733a33323a223634653162386433346634323564313965316565326561373233366433303238223b),
('e6c699b497b29a2c09552c957e876a71650ca0a9', '::1', 1447836239, 0x5f5f63695f6c6173745f726567656e65726174657c693a313434373833353937353b6964656e746974797c733a31333a2261646d696e6973747261746f72223b757365726e616d657c733a31333a2261646d696e6973747261746f72223b656d61696c7c733a31353a2261646d696e4061646d696e2e636f6d223b757365725f69647c733a313a2231223b6f6c645f6c6173745f6c6f67696e7c733a31303a2231343437373637303337223b67726176617461727c733a33323a223634653162386433346634323564313965316565326561373233366433303238223b),
('fd0660e35e73d3affa9265cfa18f50c62089bd83', '::1', 1447836409, 0x5f5f63695f6c6173745f726567656e65726174657c693a313434373833363430393b6964656e746974797c733a31333a2261646d696e6973747261746f72223b757365726e616d657c733a31333a2261646d696e6973747261746f72223b656d61696c7c733a31353a2261646d696e4061646d696e2e636f6d223b757365725f69647c733a313a2231223b6f6c645f6c6173745f6c6f67696e7c733a31303a2231343437373637303337223b67726176617461727c733a33323a223634653162386433346634323564313965316565326561373233366433303238223b),
('c3fb626c6b9650fec8689af3f5060877d46c8bdd', '::1', 1447837015, 0x5f5f63695f6c6173745f726567656e65726174657c693a313434373833363732343b6964656e746974797c733a31333a2261646d696e6973747261746f72223b757365726e616d657c733a31333a2261646d696e6973747261746f72223b656d61696c7c733a31353a2261646d696e4061646d696e2e636f6d223b757365725f69647c733a313a2231223b6f6c645f6c6173745f6c6f67696e7c733a31303a2231343437373637303337223b67726176617461727c733a33323a223634653162386433346634323564313965316565326561373233366433303238223b),
('ba36e72c512c9e051d1805635fd68ae5517ada24', '::1', 1447837271, 0x5f5f63695f6c6173745f726567656e65726174657c693a313434373833373034333b6964656e746974797c733a31333a2261646d696e6973747261746f72223b757365726e616d657c733a31333a2261646d696e6973747261746f72223b656d61696c7c733a31353a2261646d696e4061646d696e2e636f6d223b757365725f69647c733a313a2231223b6f6c645f6c6173745f6c6f67696e7c733a31303a2231343437373637303337223b67726176617461727c733a33323a223634653162386433346634323564313965316565326561373233366433303238223b706f7374616c7c613a303a7b7d),
('c277dbc93d5bf47a5cdd7e9c26735620d15d9a66', '::1', 1447837783, 0x5f5f63695f6c6173745f726567656e65726174657c693a313434373833373738323b6964656e746974797c733a31333a2261646d696e6973747261746f72223b757365726e616d657c733a31333a2261646d696e6973747261746f72223b656d61696c7c733a31353a2261646d696e4061646d696e2e636f6d223b757365725f69647c733a313a2231223b6f6c645f6c6173745f6c6f67696e7c733a31303a2231343437373637303337223b67726176617461727c733a33323a223634653162386433346634323564313965316565326561373233366433303238223b706f7374616c7c613a303a7b7d),
('e296d28953631fa42b920391c96cd2b744746fe6', '::1', 1447839060, 0x5f5f63695f6c6173745f726567656e65726174657c693a313434373833383736393b6964656e746974797c733a31333a2261646d696e6973747261746f72223b757365726e616d657c733a31333a2261646d696e6973747261746f72223b656d61696c7c733a31353a2261646d696e4061646d696e2e636f6d223b757365725f69647c733a313a2231223b6f6c645f6c6173745f6c6f67696e7c733a31303a2231343437373637303337223b67726176617461727c733a33323a223634653162386433346634323564313965316565326561373233366433303238223b706f7374616c7c613a303a7b7d),
('1ca7a154d5789e3f37fc5959cc8a66ff034ef9b1', '::1', 1447839811, 0x5f5f63695f6c6173745f726567656e65726174657c693a313434373833393531333b6964656e746974797c733a31333a2261646d696e6973747261746f72223b757365726e616d657c733a31333a2261646d696e6973747261746f72223b656d61696c7c733a31353a2261646d696e4061646d696e2e636f6d223b757365725f69647c733a313a2231223b6f6c645f6c6173745f6c6f67696e7c733a31303a2231343437373637303337223b67726176617461727c733a33323a223634653162386433346634323564313965316565326561373233366433303238223b706f7374616c7c613a303a7b7d),
('c07d6267fa09b55ec05d948e872d7d977e1d4b1c', '::1', 1447839962, 0x5f5f63695f6c6173745f726567656e65726174657c693a313434373833393831363b6964656e746974797c733a31333a2261646d696e6973747261746f72223b757365726e616d657c733a31333a2261646d696e6973747261746f72223b656d61696c7c733a31353a2261646d696e4061646d696e2e636f6d223b757365725f69647c733a313a2231223b6f6c645f6c6173745f6c6f67696e7c733a31303a2231343437373637303337223b67726176617461727c733a33323a223634653162386433346634323564313965316565326561373233366433303238223b706f7374616c7c613a303a7b7d),
('8cc30e87c99c07096a255fcf902663805e965eed', '::1', 1447840335, 0x5f5f63695f6c6173745f726567656e65726174657c693a313434373834303239313b6964656e746974797c733a31333a2261646d696e6973747261746f72223b757365726e616d657c733a31333a2261646d696e6973747261746f72223b656d61696c7c733a31353a2261646d696e4061646d696e2e636f6d223b757365725f69647c733a313a2231223b6f6c645f6c6173745f6c6f67696e7c733a31303a2231343437373637303337223b67726176617461727c733a33323a223634653162386433346634323564313965316565326561373233366433303238223b706f7374616c7c613a303a7b7d),
('46cafa3a8e1d4a13963c44869935cd74cc568d5d', '::1', 1447840666, 0x5f5f63695f6c6173745f726567656e65726174657c693a313434373834303631303b6964656e746974797c733a31333a2261646d696e6973747261746f72223b757365726e616d657c733a31333a2261646d696e6973747261746f72223b656d61696c7c733a31353a2261646d696e4061646d696e2e636f6d223b757365725f69647c733a313a2231223b6f6c645f6c6173745f6c6f67696e7c733a31303a2231343437373637303337223b67726176617461727c733a33323a223634653162386433346634323564313965316565326561373233366433303238223b706f7374616c7c613a303a7b7d),
('07f30115424e1c2ffaf53d2dd6b1b6ba34192a01', '::1', 1447841627, 0x5f5f63695f6c6173745f726567656e65726174657c693a313434373834313335323b6964656e746974797c733a31333a2261646d696e6973747261746f72223b757365726e616d657c733a31333a2261646d696e6973747261746f72223b656d61696c7c733a31353a2261646d696e4061646d696e2e636f6d223b757365725f69647c733a313a2231223b6f6c645f6c6173745f6c6f67696e7c733a31303a2231343437373637303337223b67726176617461727c733a33323a223634653162386433346634323564313965316565326561373233366433303238223b706f7374616c7c613a303a7b7d),
('01fe764396c79c2a61e6134444686909c2ea489a', '::1', 1447842221, 0x5f5f63695f6c6173745f726567656e65726174657c693a313434373834323036343b6964656e746974797c733a31333a2261646d696e6973747261746f72223b757365726e616d657c733a31333a2261646d696e6973747261746f72223b656d61696c7c733a31353a2261646d696e4061646d696e2e636f6d223b757365725f69647c733a313a2231223b6f6c645f6c6173745f6c6f67696e7c733a31303a2231343437373637303337223b67726176617461727c733a33323a223634653162386433346634323564313965316565326561373233366433303238223b706f7374616c7c613a303a7b7d),
('ed27f43f352a8315e1831a6e08df49bcaa97ad48', '::1', 1447843037, 0x5f5f63695f6c6173745f726567656e65726174657c693a313434373834323836373b6964656e746974797c733a31333a2261646d696e6973747261746f72223b757365726e616d657c733a31333a2261646d696e6973747261746f72223b656d61696c7c733a31353a2261646d696e4061646d696e2e636f6d223b757365725f69647c733a313a2231223b6f6c645f6c6173745f6c6f67696e7c733a31303a2231343437373637303337223b67726176617461727c733a33323a223634653162386433346634323564313965316565326561373233366433303238223b706f7374616c7c613a303a7b7d),
('6a440033aebdf9e5c872fdc52477081e28990bc7', '::1', 1447843753, 0x5f5f63695f6c6173745f726567656e65726174657c693a313434373834333538373b6964656e746974797c733a31333a2261646d696e6973747261746f72223b757365726e616d657c733a31333a2261646d696e6973747261746f72223b656d61696c7c733a31353a2261646d696e4061646d696e2e636f6d223b757365725f69647c733a313a2231223b6f6c645f6c6173745f6c6f67696e7c733a31303a2231343437373637303337223b67726176617461727c733a33323a223634653162386433346634323564313965316565326561373233366433303238223b706f7374616c7c613a303a7b7d),
('8ec9f55b5c214df3e0f1292c90ef29586ca9849e', '::1', 1447845699, 0x5f5f63695f6c6173745f726567656e65726174657c693a313434373834353639393b6964656e746974797c733a31333a2261646d696e6973747261746f72223b757365726e616d657c733a31333a2261646d696e6973747261746f72223b656d61696c7c733a31353a2261646d696e4061646d696e2e636f6d223b757365725f69647c733a313a2231223b6f6c645f6c6173745f6c6f67696e7c733a31303a2231343437373637303337223b67726176617461727c733a33323a223634653162386433346634323564313965316565326561373233366433303238223b706f7374616c7c613a303a7b7d),
('2eca35e82e7d288bcb86deca0cd3111a948f9d79', '::1', 1447846478, 0x5f5f63695f6c6173745f726567656e65726174657c693a313434373834363333383b6964656e746974797c733a31333a2261646d696e6973747261746f72223b757365726e616d657c733a31333a2261646d696e6973747261746f72223b656d61696c7c733a31353a2261646d696e4061646d696e2e636f6d223b757365725f69647c733a313a2231223b6f6c645f6c6173745f6c6f67696e7c733a31303a2231343437373637303337223b67726176617461727c733a33323a223634653162386433346634323564313965316565326561373233366433303238223b706f7374616c7c613a303a7b7d),
('ad23f94a4f9b0bbc5c2846a0ace184541af38379', '::1', 1447846788, 0x5f5f63695f6c6173745f726567656e65726174657c693a313434373834363639303b6964656e746974797c733a31333a2261646d696e6973747261746f72223b757365726e616d657c733a31333a2261646d696e6973747261746f72223b656d61696c7c733a31353a2261646d696e4061646d696e2e636f6d223b757365725f69647c733a313a2231223b6f6c645f6c6173745f6c6f67696e7c733a31303a2231343437373637303337223b67726176617461727c733a33323a223634653162386433346634323564313965316565326561373233366433303238223b706f7374616c7c613a303a7b7d),
('cdde65c9e7c1a94240d7291dc59b3863777cdcaa', '::1', 1447847175, 0x5f5f63695f6c6173745f726567656e65726174657c693a313434373834373031343b6964656e746974797c733a31333a2261646d696e6973747261746f72223b757365726e616d657c733a31333a2261646d696e6973747261746f72223b656d61696c7c733a31353a2261646d696e4061646d696e2e636f6d223b757365725f69647c733a313a2231223b6f6c645f6c6173745f6c6f67696e7c733a31303a2231343437373637303337223b67726176617461727c733a33323a223634653162386433346634323564313965316565326561373233366433303238223b706f7374616c7c613a303a7b7d),
('6e22402af25f0d26b14af61e629468d5680668ea', '::1', 1447847628, 0x5f5f63695f6c6173745f726567656e65726174657c693a313434373834373332383b6964656e746974797c733a31333a2261646d696e6973747261746f72223b757365726e616d657c733a31333a2261646d696e6973747261746f72223b656d61696c7c733a31353a2261646d696e4061646d696e2e636f6d223b757365725f69647c733a313a2231223b6f6c645f6c6173745f6c6f67696e7c733a31303a2231343437373637303337223b67726176617461727c733a33323a223634653162386433346634323564313965316565326561373233366433303238223b706f7374616c7c613a303a7b7d),
('ff262353142c9b523b79f662070a24ed0c603074', '::1', 1447847936, 0x5f5f63695f6c6173745f726567656e65726174657c693a313434373834373634373b6964656e746974797c733a31333a2261646d696e6973747261746f72223b757365726e616d657c733a31333a2261646d696e6973747261746f72223b656d61696c7c733a31353a2261646d696e4061646d696e2e636f6d223b757365725f69647c733a313a2231223b6f6c645f6c6173745f6c6f67696e7c733a31303a2231343437373637303337223b67726176617461727c733a33323a223634653162386433346634323564313965316565326561373233366433303238223b706f7374616c7c613a303a7b7d),
('dee8b599dc0de90347f51a9775efb42cf5247be9', '::1', 1447848123, 0x5f5f63695f6c6173745f726567656e65726174657c693a313434373834373934393b6964656e746974797c733a31333a2261646d696e6973747261746f72223b757365726e616d657c733a31333a2261646d696e6973747261746f72223b656d61696c7c733a31353a2261646d696e4061646d696e2e636f6d223b757365725f69647c733a313a2231223b6f6c645f6c6173745f6c6f67696e7c733a31303a2231343437373637303337223b67726176617461727c733a33323a223634653162386433346634323564313965316565326561373233366433303238223b706f7374616c7c613a303a7b7d),
('a9704628299fb7a1a4beb1668866fd2dfee9cc50', '::1', 1447853230, 0x5f5f63695f6c6173745f726567656e65726174657c693a313434373835333135353b6964656e746974797c733a31333a2261646d696e6973747261746f72223b757365726e616d657c733a31333a2261646d696e6973747261746f72223b656d61696c7c733a31353a2261646d696e4061646d696e2e636f6d223b757365725f69647c733a313a2231223b6f6c645f6c6173745f6c6f67696e7c733a31303a2231343437373637303337223b67726176617461727c733a33323a223634653162386433346634323564313965316565326561373233366433303238223b706f7374616c7c613a303a7b7d),
('55afc3f4bf73b5d7e0caf529986b49b8d6e2002f', '::1', 1447853816, 0x5f5f63695f6c6173745f726567656e65726174657c693a313434373835333631383b6964656e746974797c733a31333a2261646d696e6973747261746f72223b757365726e616d657c733a31333a2261646d696e6973747261746f72223b656d61696c7c733a31353a2261646d696e4061646d696e2e636f6d223b757365725f69647c733a313a2231223b6f6c645f6c6173745f6c6f67696e7c733a31303a2231343437373637303337223b67726176617461727c733a33323a223634653162386433346634323564313965316565326561373233366433303238223b706f7374616c7c613a303a7b7d),
('4f7f226e943c7ac081d7a05ac0ea0614e67f5426', '::1', 1447855428, 0x5f5f63695f6c6173745f726567656e65726174657c693a313434373835353432383b6964656e746974797c733a31333a2261646d696e6973747261746f72223b757365726e616d657c733a31333a2261646d696e6973747261746f72223b656d61696c7c733a31353a2261646d696e4061646d696e2e636f6d223b757365725f69647c733a313a2231223b6f6c645f6c6173745f6c6f67696e7c733a31303a2231343437373637303337223b67726176617461727c733a33323a223634653162386433346634323564313965316565326561373233366433303238223b706f7374616c7c613a303a7b7d),
('8df298b2b66ba90e11c1f43165944b3bd0e19dff', '::1', 1447855858, 0x5f5f63695f6c6173745f726567656e65726174657c693a313434373835353835383b6964656e746974797c733a31333a2261646d696e6973747261746f72223b757365726e616d657c733a31333a2261646d696e6973747261746f72223b656d61696c7c733a31353a2261646d696e4061646d696e2e636f6d223b757365725f69647c733a313a2231223b6f6c645f6c6173745f6c6f67696e7c733a31303a2231343437373637303337223b67726176617461727c733a33323a223634653162386433346634323564313965316565326561373233366433303238223b706f7374616c7c613a303a7b7d),
('ad9c6f6f1a70c34c4c327a977a85e4c36f8d2c0c', '::1', 1447855929, 0x5f5f63695f6c6173745f726567656e65726174657c693a313434373835353835393b6964656e746974797c733a31333a2261646d696e6973747261746f72223b757365726e616d657c733a31333a2261646d696e6973747261746f72223b656d61696c7c733a31353a2261646d696e4061646d696e2e636f6d223b757365725f69647c733a313a2231223b6f6c645f6c6173745f6c6f67696e7c733a31303a2231343437373637303337223b67726176617461727c733a33323a223634653162386433346634323564313965316565326561373233366433303238223b706f7374616c7c613a303a7b7d),
('d873aa9d66112f805aec2289008a362f1e0f3803', '::1', 1447856461, 0x5f5f63695f6c6173745f726567656e65726174657c693a313434373835363138323b6964656e746974797c733a31333a2261646d696e6973747261746f72223b757365726e616d657c733a31333a2261646d696e6973747261746f72223b656d61696c7c733a31353a2261646d696e4061646d696e2e636f6d223b757365725f69647c733a313a2231223b6f6c645f6c6173745f6c6f67696e7c733a31303a2231343437373637303337223b67726176617461727c733a33323a223634653162386433346634323564313965316565326561373233366433303238223b706f7374616c7c613a303a7b7d);
INSERT INTO `ci_sessions` (`id`, `ip_address`, `timestamp`, `data`) VALUES
('cb25993d36fb2ae4f624fd522b985dd897c24692', '::1', 1447856897, 0x5f5f63695f6c6173745f726567656e65726174657c693a313434373835363634323b6964656e746974797c733a31333a2261646d696e6973747261746f72223b757365726e616d657c733a31333a2261646d696e6973747261746f72223b656d61696c7c733a31353a2261646d696e4061646d696e2e636f6d223b757365725f69647c733a313a2231223b6f6c645f6c6173745f6c6f67696e7c733a31303a2231343437373637303337223b67726176617461727c733a33323a223634653162386433346634323564313965316565326561373233366433303238223b706f7374616c7c613a303a7b7d),
('c4b8194ba509484eb96dd6754f3687e4de66f416', '::1', 1447856953, 0x5f5f63695f6c6173745f726567656e65726174657c693a313434373835363935333b6964656e746974797c733a31333a2261646d696e6973747261746f72223b757365726e616d657c733a31333a2261646d696e6973747261746f72223b656d61696c7c733a31353a2261646d696e4061646d696e2e636f6d223b757365725f69647c733a313a2231223b6f6c645f6c6173745f6c6f67696e7c733a31303a2231343437373637303337223b67726176617461727c733a33323a223634653162386433346634323564313965316565326561373233366433303238223b706f7374616c7c613a303a7b7d),
('6a6622e0787f4370c1951f2b2c0a31551b5ffb65', '::1', 1447857536, 0x5f5f63695f6c6173745f726567656e65726174657c693a313434373835373330313b6964656e746974797c733a31333a2261646d696e6973747261746f72223b757365726e616d657c733a31333a2261646d696e6973747261746f72223b656d61696c7c733a31353a2261646d696e4061646d696e2e636f6d223b757365725f69647c733a313a2231223b6f6c645f6c6173745f6c6f67696e7c733a31303a2231343437373637303337223b67726176617461727c733a33323a223634653162386433346634323564313965316565326561373233366433303238223b706f7374616c7c613a303a7b7d),
('6a53585c9c4d7a0a3b0816d5dd8d1031222f0fcf', '::1', 1447857667, 0x5f5f63695f6c6173745f726567656e65726174657c693a313434373835373630373b6964656e746974797c733a31333a2261646d696e6973747261746f72223b757365726e616d657c733a31333a2261646d696e6973747261746f72223b656d61696c7c733a31353a2261646d696e4061646d696e2e636f6d223b757365725f69647c733a313a2231223b6f6c645f6c6173745f6c6f67696e7c733a31303a2231343437373637303337223b67726176617461727c733a33323a223634653162386433346634323564313965316565326561373233366433303238223b706f7374616c7c613a303a7b7d),
('0bbfa51906ca2ae46c772b57debbf598fd4a3908', '::1', 1447858162, 0x5f5f63695f6c6173745f726567656e65726174657c693a313434373835373937383b6964656e746974797c733a31333a2261646d696e6973747261746f72223b757365726e616d657c733a31333a2261646d696e6973747261746f72223b656d61696c7c733a31353a2261646d696e4061646d696e2e636f6d223b757365725f69647c733a313a2231223b6f6c645f6c6173745f6c6f67696e7c733a31303a2231343437373637303337223b67726176617461727c733a33323a223634653162386433346634323564313965316565326561373233366433303238223b706f7374616c7c613a303a7b7d),
('c60bc35514d2eaa462db3d23a569336c909f2423', '::1', 1447858523, 0x5f5f63695f6c6173745f726567656e65726174657c693a313434373835383333333b6964656e746974797c733a31333a2261646d696e6973747261746f72223b757365726e616d657c733a31333a2261646d696e6973747261746f72223b656d61696c7c733a31353a2261646d696e4061646d696e2e636f6d223b757365725f69647c733a313a2231223b6f6c645f6c6173745f6c6f67696e7c733a31303a2231343437373637303337223b67726176617461727c733a33323a223634653162386433346634323564313965316565326561373233366433303238223b706f7374616c7c613a303a7b7d),
('95e66759d80370ec90501c0539cb8706b5682f17', '::1', 1447858989, 0x5f5f63695f6c6173745f726567656e65726174657c693a313434373835383934393b6964656e746974797c733a31333a2261646d696e6973747261746f72223b757365726e616d657c733a31333a2261646d696e6973747261746f72223b656d61696c7c733a31353a2261646d696e4061646d696e2e636f6d223b757365725f69647c733a313a2231223b6f6c645f6c6173745f6c6f67696e7c733a31303a2231343437373637303337223b67726176617461727c733a33323a223634653162386433346634323564313965316565326561373233366433303238223b706f7374616c7c613a303a7b7d),
('e4c23238ea34ec0b4b0535eac42aee917fa48ff3', '::1', 1447859503, 0x5f5f63695f6c6173745f726567656e65726174657c693a313434373835393437333b6964656e746974797c733a31333a2261646d696e6973747261746f72223b757365726e616d657c733a31333a2261646d696e6973747261746f72223b656d61696c7c733a31353a2261646d696e4061646d696e2e636f6d223b757365725f69647c733a313a2231223b6f6c645f6c6173745f6c6f67696e7c733a31303a2231343437373637303337223b67726176617461727c733a33323a223634653162386433346634323564313965316565326561373233366433303238223b706f7374616c7c613a303a7b7d),
('998f245739cfaccd1ba88a96bb954d4bd5bbafce', '::1', 1447860403, 0x5f5f63695f6c6173745f726567656e65726174657c693a313434373836303339353b6964656e746974797c733a31333a2261646d696e6973747261746f72223b757365726e616d657c733a31333a2261646d696e6973747261746f72223b656d61696c7c733a31353a2261646d696e4061646d696e2e636f6d223b757365725f69647c733a313a2231223b6f6c645f6c6173745f6c6f67696e7c733a31303a2231343437373637303337223b67726176617461727c733a33323a223634653162386433346634323564313965316565326561373233366433303238223b706f7374616c7c613a303a7b7d),
('8bfca7dcda45807573bd639b40e06749d7817294', '::1', 1447919836, 0x5f5f63695f6c6173745f726567656e65726174657c693a313434373931393832343b6964656e746974797c733a31333a2261646d696e6973747261746f72223b757365726e616d657c733a31333a2261646d696e6973747261746f72223b656d61696c7c733a31353a2261646d696e4061646d696e2e636f6d223b757365725f69647c733a313a2231223b6f6c645f6c6173745f6c6f67696e7c733a31303a2231343437383331323039223b67726176617461727c733a33323a223634653162386433346634323564313965316565326561373233366433303238223b),
('6d92bc01f630f056a650df78df5dea1d4d8c7204', '::1', 1447920222, 0x5f5f63695f6c6173745f726567656e65726174657c693a313434373932303232323b6964656e746974797c733a31333a2261646d696e6973747261746f72223b757365726e616d657c733a31333a2261646d696e6973747261746f72223b656d61696c7c733a31353a2261646d696e4061646d696e2e636f6d223b757365725f69647c733a313a2231223b6f6c645f6c6173745f6c6f67696e7c733a31303a2231343437383331323039223b67726176617461727c733a33323a223634653162386433346634323564313965316565326561373233366433303238223b),
('ff6eaed3e87db9fd9d8a64c4f67347591118a3f2', '::1', 1447920831, 0x5f5f63695f6c6173745f726567656e65726174657c693a313434373932303533393b6964656e746974797c733a31333a2261646d696e6973747261746f72223b757365726e616d657c733a31333a2261646d696e6973747261746f72223b656d61696c7c733a31353a2261646d696e4061646d696e2e636f6d223b757365725f69647c733a313a2231223b6f6c645f6c6173745f6c6f67696e7c733a31303a2231343437383331323039223b67726176617461727c733a33323a223634653162386433346634323564313965316565326561373233366433303238223b),
('765f184b1e8c7db6967cc7c560450525dfbf11ab', '::1', 1447921104, 0x5f5f63695f6c6173745f726567656e65726174657c693a313434373932303834383b6964656e746974797c733a31333a2261646d696e6973747261746f72223b757365726e616d657c733a31333a2261646d696e6973747261746f72223b656d61696c7c733a31353a2261646d696e4061646d696e2e636f6d223b757365725f69647c733a313a2231223b6f6c645f6c6173745f6c6f67696e7c733a31303a2231343437383331323039223b67726176617461727c733a33323a223634653162386433346634323564313965316565326561373233366433303238223b),
('645d6d2e5c8b393dcc7a11cf6fa4e816dbd60960', '::1', 1447921278, 0x5f5f63695f6c6173745f726567656e65726174657c693a313434373932313234323b6964656e746974797c733a31333a2261646d696e6973747261746f72223b757365726e616d657c733a31333a2261646d696e6973747261746f72223b656d61696c7c733a31353a2261646d696e4061646d696e2e636f6d223b757365725f69647c733a313a2231223b6f6c645f6c6173745f6c6f67696e7c733a31303a2231343437383331323039223b67726176617461727c733a33323a223634653162386433346634323564313965316565326561373233366433303238223b),
('0afb13e807ec19dedf0026c97d14a9f52f11fe00', '::1', 1447921950, 0x5f5f63695f6c6173745f726567656e65726174657c693a313434373932313839323b6964656e746974797c733a31333a2261646d696e6973747261746f72223b757365726e616d657c733a31333a2261646d696e6973747261746f72223b656d61696c7c733a31353a2261646d696e4061646d696e2e636f6d223b757365725f69647c733a313a2231223b6f6c645f6c6173745f6c6f67696e7c733a31303a2231343437383331323039223b67726176617461727c733a33323a223634653162386433346634323564313965316565326561373233366433303238223b706f7374616c7c613a303a7b7d),
('0ea5110af9cc55aaf54f7b444c2a8fddae9e67f1', '::1', 1447922708, 0x5f5f63695f6c6173745f726567656e65726174657c693a313434373932323437363b6964656e746974797c733a31333a2261646d696e6973747261746f72223b757365726e616d657c733a31333a2261646d696e6973747261746f72223b656d61696c7c733a31353a2261646d696e4061646d696e2e636f6d223b757365725f69647c733a313a2231223b6f6c645f6c6173745f6c6f67696e7c733a31303a2231343437383331323039223b67726176617461727c733a33323a223634653162386433346634323564313965316565326561373233366433303238223b706f7374616c7c613a303a7b7d),
('db933283cae864e8a1c58d4a10242272f99be32c', '::1', 1447924312, 0x5f5f63695f6c6173745f726567656e65726174657c693a313434373932343039363b6964656e746974797c733a31333a2261646d696e6973747261746f72223b757365726e616d657c733a31333a2261646d696e6973747261746f72223b656d61696c7c733a31353a2261646d696e4061646d696e2e636f6d223b757365725f69647c733a313a2231223b6f6c645f6c6173745f6c6f67696e7c733a31303a2231343437383331323039223b67726176617461727c733a33323a223634653162386433346634323564313965316565326561373233366433303238223b706f7374616c7c613a303a7b7d),
('958d4a0f5bd8b4776d9763b50326fa39596464e6', '::1', 1447924640, 0x5f5f63695f6c6173745f726567656e65726174657c693a313434373932343430333b6964656e746974797c733a31333a2261646d696e6973747261746f72223b757365726e616d657c733a31333a2261646d696e6973747261746f72223b656d61696c7c733a31353a2261646d696e4061646d696e2e636f6d223b757365725f69647c733a313a2231223b6f6c645f6c6173745f6c6f67696e7c733a31303a2231343437383331323039223b67726176617461727c733a33323a223634653162386433346634323564313965316565326561373233366433303238223b706f7374616c7c613a303a7b7d),
('a5872b3c8e7afe78e108b9fc13bc7885aa87f990', '::1', 1447925054, 0x5f5f63695f6c6173745f726567656e65726174657c693a313434373932343735393b6964656e746974797c733a31333a2261646d696e6973747261746f72223b757365726e616d657c733a31333a2261646d696e6973747261746f72223b656d61696c7c733a31353a2261646d696e4061646d696e2e636f6d223b757365725f69647c733a313a2231223b6f6c645f6c6173745f6c6f67696e7c733a31303a2231343437383331323039223b67726176617461727c733a33323a223634653162386433346634323564313965316565326561373233366433303238223b706f7374616c7c613a303a7b7d),
('6ac04e225bfba04416b75560e3522f6222243d0d', '::1', 1447925350, 0x5f5f63695f6c6173745f726567656e65726174657c693a313434373932353132333b6964656e746974797c733a31333a2261646d696e6973747261746f72223b757365726e616d657c733a31333a2261646d696e6973747261746f72223b656d61696c7c733a31353a2261646d696e4061646d696e2e636f6d223b757365725f69647c733a313a2231223b6f6c645f6c6173745f6c6f67696e7c733a31303a2231343437383331323039223b67726176617461727c733a33323a223634653162386433346634323564313965316565326561373233366433303238223b706f7374616c7c613a303a7b7d),
('e481ef533c9ae12a889052dc7fc85532a2c2eab1', '::1', 1447925764, 0x5f5f63695f6c6173745f726567656e65726174657c693a313434373932353532393b6964656e746974797c733a31333a2261646d696e6973747261746f72223b757365726e616d657c733a31333a2261646d696e6973747261746f72223b656d61696c7c733a31353a2261646d696e4061646d696e2e636f6d223b757365725f69647c733a313a2231223b6f6c645f6c6173745f6c6f67696e7c733a31303a2231343437383331323039223b67726176617461727c733a33323a223634653162386433346634323564313965316565326561373233366433303238223b706f7374616c7c613a303a7b7d),
('5ad917868c66c7747c216a5ae09c5ab84f0d8d3a', '::1', 1447926123, 0x5f5f63695f6c6173745f726567656e65726174657c693a313434373932353834363b6964656e746974797c733a31333a2261646d696e6973747261746f72223b757365726e616d657c733a31333a2261646d696e6973747261746f72223b656d61696c7c733a31353a2261646d696e4061646d696e2e636f6d223b757365725f69647c733a313a2231223b6f6c645f6c6173745f6c6f67696e7c733a31303a2231343437383331323039223b67726176617461727c733a33323a223634653162386433346634323564313965316565326561373233366433303238223b706f7374616c7c613a303a7b7d),
('7cd1f691a5def9b650f4d06c473a377ac3471178', '::1', 1447926236, 0x5f5f63695f6c6173745f726567656e65726174657c693a313434373932363135323b6964656e746974797c733a31333a2261646d696e6973747261746f72223b757365726e616d657c733a31333a2261646d696e6973747261746f72223b656d61696c7c733a31353a2261646d696e4061646d696e2e636f6d223b757365725f69647c733a313a2231223b6f6c645f6c6173745f6c6f67696e7c733a31303a2231343437383331323039223b67726176617461727c733a33323a223634653162386433346634323564313965316565326561373233366433303238223b706f7374616c7c613a303a7b7d),
('53bad67669e6b31c88d907035722e990b014c812', '::1', 1447926714, 0x5f5f63695f6c6173745f726567656e65726174657c693a313434373932363634313b6964656e746974797c733a31333a2261646d696e6973747261746f72223b757365726e616d657c733a31333a2261646d696e6973747261746f72223b656d61696c7c733a31353a2261646d696e4061646d696e2e636f6d223b757365725f69647c733a313a2231223b6f6c645f6c6173745f6c6f67696e7c733a31303a2231343437383331323039223b67726176617461727c733a33323a223634653162386433346634323564313965316565326561373233366433303238223b706f7374616c7c613a303a7b7d),
('54214713f5312ae060b1c882fce2cd5a610e5b23', '::1', 1447928250, 0x5f5f63695f6c6173745f726567656e65726174657c693a313434373932383138343b6964656e746974797c733a383a226176656e69726572223b757365726e616d657c733a383a226176656e69726572223b656d61696c7c733a31393a226176656e69722e726f40676d61696c2e636f6d223b757365725f69647c733a313a2233223b6f6c645f6c6173745f6c6f67696e7c4e3b67726176617461727c733a33323a223930646166373538653030653332376434316333666536616364353338633031223b),
('e8b90fa86623baca4c94ccbb0f00ceaa79bcf62b', '::1', 1447929008, 0x5f5f63695f6c6173745f726567656e65726174657c693a313434373932383837303b6964656e746974797c733a383a226176656e69726572223b757365726e616d657c733a383a226176656e69726572223b656d61696c7c733a31393a226176656e69722e726f40676d61696c2e636f6d223b757365725f69647c733a313a2233223b6f6c645f6c6173745f6c6f67696e7c4e3b67726176617461727c733a33323a223930646166373538653030653332376434316333666536616364353338633031223b),
('93c92d1d437fac512b97757b8edcb3d49ebb10d3', '::1', 1447929605, 0x5f5f63695f6c6173745f726567656e65726174657c693a313434373932393432333b6964656e746974797c733a383a226176656e69726572223b757365726e616d657c733a383a226176656e69726572223b656d61696c7c733a31393a226176656e69722e726f40676d61696c2e636f6d223b757365725f69647c733a313a2233223b6f6c645f6c6173745f6c6f67696e7c4e3b67726176617461727c733a33323a223930646166373538653030653332376434316333666536616364353338633031223b),
('4b1ec104923f7baf8322503d67f917da542aabaf', '::1', 1447937130, 0x5f5f63695f6c6173745f726567656e65726174657c693a313434373933363836393b6964656e746974797c733a31333a2261646d696e6973747261746f72223b757365726e616d657c733a31333a2261646d696e6973747261746f72223b656d61696c7c733a31353a2261646d696e4061646d696e2e636f6d223b757365725f69647c733a313a2231223b6f6c645f6c6173745f6c6f67696e7c733a31303a2231343437393237393639223b67726176617461727c733a33323a223634653162386433346634323564313965316565326561373233366433303238223b),
('b893bd6a44d0abc19b2f439e4ad72c442f362f56', '::1', 1447937770, 0x5f5f63695f6c6173745f726567656e65726174657c693a313434373933373532313b6964656e746974797c733a31333a2261646d696e6973747261746f72223b757365726e616d657c733a31333a2261646d696e6973747261746f72223b656d61696c7c733a31353a2261646d696e4061646d696e2e636f6d223b757365725f69647c733a313a2231223b6f6c645f6c6173745f6c6f67696e7c733a31303a2231343437393237393639223b67726176617461727c733a33323a223634653162386433346634323564313965316565326561373233366433303238223b),
('73a0086ee416c192e2e3a2e9d7094d22275ddfd7', '::1', 1447938184, 0x5f5f63695f6c6173745f726567656e65726174657c693a313434373933373839343b6964656e746974797c733a31333a2261646d696e6973747261746f72223b757365726e616d657c733a31333a2261646d696e6973747261746f72223b656d61696c7c733a31353a2261646d696e4061646d696e2e636f6d223b757365725f69647c733a313a2231223b6f6c645f6c6173745f6c6f67696e7c733a31303a2231343437393237393639223b67726176617461727c733a33323a223634653162386433346634323564313965316565326561373233366433303238223b),
('ed0ae5f6a6be2641a3726838a1de0be438c42d30', '::1', 1447938238, 0x5f5f63695f6c6173745f726567656e65726174657c693a313434373933383231343b6964656e746974797c733a31333a2261646d696e6973747261746f72223b757365726e616d657c733a31333a2261646d696e6973747261746f72223b656d61696c7c733a31353a2261646d696e4061646d696e2e636f6d223b757365725f69647c733a313a2231223b6f6c645f6c6173745f6c6f67696e7c733a31303a2231343437393237393639223b67726176617461727c733a33323a223634653162386433346634323564313965316565326561373233366433303238223b),
('3028c172e4a938da8b3f221403b893a86c1efbbe', '::1', 1447939534, 0x5f5f63695f6c6173745f726567656e65726174657c693a313434373933393238303b6964656e746974797c733a31333a2261646d696e6973747261746f72223b757365726e616d657c733a31333a2261646d696e6973747261746f72223b656d61696c7c733a31353a2261646d696e4061646d696e2e636f6d223b757365725f69647c733a313a2231223b6f6c645f6c6173745f6c6f67696e7c733a31303a2231343437393237393639223b67726176617461727c733a33323a223634653162386433346634323564313965316565326561373233366433303238223b),
('bc6b43656d415336c77b54e33b5031565f63530b', '::1', 1447939995, 0x5f5f63695f6c6173745f726567656e65726174657c693a313434373933393730353b6964656e746974797c733a31333a2261646d696e6973747261746f72223b757365726e616d657c733a31333a2261646d696e6973747261746f72223b656d61696c7c733a31353a2261646d696e4061646d696e2e636f6d223b757365725f69647c733a313a2231223b6f6c645f6c6173745f6c6f67696e7c733a31303a2231343437393237393639223b67726176617461727c733a33323a223634653162386433346634323564313965316565326561373233366433303238223b706f7374616c7c613a303a7b7d),
('5711d6ae639349fb9dea1aee1a14607428886947', '::1', 1447941072, 0x5f5f63695f6c6173745f726567656e65726174657c693a313434373934303936313b6964656e746974797c733a31333a2261646d696e6973747261746f72223b757365726e616d657c733a31333a2261646d696e6973747261746f72223b656d61696c7c733a31353a2261646d696e4061646d696e2e636f6d223b757365725f69647c733a313a2231223b6f6c645f6c6173745f6c6f67696e7c733a31303a2231343437393237393639223b67726176617461727c733a33323a223634653162386433346634323564313965316565326561373233366433303238223b706f7374616c7c613a303a7b7d),
('685cf8b6a0fa53a9633856a95af5e29400fdab8e', '::1', 1447941757, 0x5f5f63695f6c6173745f726567656e65726174657c693a313434373934313435393b6964656e746974797c733a31333a2261646d696e6973747261746f72223b757365726e616d657c733a31333a2261646d696e6973747261746f72223b656d61696c7c733a31353a2261646d696e4061646d696e2e636f6d223b757365725f69647c733a313a2231223b6f6c645f6c6173745f6c6f67696e7c733a31303a2231343437393237393639223b67726176617461727c733a33323a223634653162386433346634323564313965316565326561373233366433303238223b706f7374616c7c613a303a7b7d),
('3793edc4a1b77bf27bf3048fecdcdb08be793f6e', '::1', 1447942008, 0x5f5f63695f6c6173745f726567656e65726174657c693a313434373934313736333b6964656e746974797c733a31333a2261646d696e6973747261746f72223b757365726e616d657c733a31333a2261646d696e6973747261746f72223b656d61696c7c733a31353a2261646d696e4061646d696e2e636f6d223b757365725f69647c733a313a2231223b6f6c645f6c6173745f6c6f67696e7c733a31303a2231343437393237393639223b67726176617461727c733a33323a223634653162386433346634323564313965316565326561373233366433303238223b706f7374616c7c613a303a7b7d),
('30a505561ca7c05cf1eaa459cfdf1a2e85fd8508', '::1', 1447942310, 0x5f5f63695f6c6173745f726567656e65726174657c693a313434373934323132303b6964656e746974797c733a31333a2261646d696e6973747261746f72223b757365726e616d657c733a31333a2261646d696e6973747261746f72223b656d61696c7c733a31353a2261646d696e4061646d696e2e636f6d223b757365725f69647c733a313a2231223b6f6c645f6c6173745f6c6f67696e7c733a31303a2231343437393237393639223b67726176617461727c733a33323a223634653162386433346634323564313965316565326561373233366433303238223b706f7374616c7c613a303a7b7d),
('ab0592bd832c4aed107429d504b82bdb63e8c56b', '::1', 1447942672, 0x5f5f63695f6c6173745f726567656e65726174657c693a313434373934323536363b6964656e746974797c733a31333a2261646d696e6973747261746f72223b757365726e616d657c733a31333a2261646d696e6973747261746f72223b656d61696c7c733a31353a2261646d696e4061646d696e2e636f6d223b757365725f69647c733a313a2231223b6f6c645f6c6173745f6c6f67696e7c733a31303a2231343437393237393639223b67726176617461727c733a33323a223634653162386433346634323564313965316565326561373233366433303238223b706f7374616c7c613a303a7b7d),
('1fc8b477a23633df1be714ccc89a6a99659a7761', '::1', 1447942998, 0x5f5f63695f6c6173745f726567656e65726174657c693a313434373934323932323b6964656e746974797c733a31333a2261646d696e6973747261746f72223b757365726e616d657c733a31333a2261646d696e6973747261746f72223b656d61696c7c733a31353a2261646d696e4061646d696e2e636f6d223b757365725f69647c733a313a2231223b6f6c645f6c6173745f6c6f67696e7c733a31303a2231343437393237393639223b67726176617461727c733a33323a223634653162386433346634323564313965316565326561373233366433303238223b706f7374616c7c613a303a7b7d),
('2a161a7d86b72ffdd89f5dfd5107e3e6acf725ee', '::1', 1447943586, 0x5f5f63695f6c6173745f726567656e65726174657c693a313434373934333239303b6964656e746974797c733a31333a2261646d696e6973747261746f72223b757365726e616d657c733a31333a2261646d696e6973747261746f72223b656d61696c7c733a31353a2261646d696e4061646d696e2e636f6d223b757365725f69647c733a313a2231223b6f6c645f6c6173745f6c6f67696e7c733a31303a2231343437393237393639223b67726176617461727c733a33323a223634653162386433346634323564313965316565326561373233366433303238223b706f7374616c7c613a303a7b7d),
('7cd19512328436da5553bfbea8631ea994f1bbd1', '::1', 1447943847, 0x5f5f63695f6c6173745f726567656e65726174657c693a313434373934333539393b6964656e746974797c733a31333a2261646d696e6973747261746f72223b757365726e616d657c733a31333a2261646d696e6973747261746f72223b656d61696c7c733a31353a2261646d696e4061646d696e2e636f6d223b757365725f69647c733a313a2231223b6f6c645f6c6173745f6c6f67696e7c733a31303a2231343437393237393639223b67726176617461727c733a33323a223634653162386433346634323564313965316565326561373233366433303238223b706f7374616c7c613a303a7b7d),
('eb1db07d94412f59589888cac94fbc39f1a2d2ca', '::1', 1447944261, 0x5f5f63695f6c6173745f726567656e65726174657c693a313434373934333936373b6964656e746974797c733a31333a2261646d696e6973747261746f72223b757365726e616d657c733a31333a2261646d696e6973747261746f72223b656d61696c7c733a31353a2261646d696e4061646d696e2e636f6d223b757365725f69647c733a313a2231223b6f6c645f6c6173745f6c6f67696e7c733a31303a2231343437393237393639223b67726176617461727c733a33323a223634653162386433346634323564313965316565326561373233366433303238223b706f7374616c7c613a303a7b7d),
('3bdd47f024ca23216bd46822597b40fdf8495bef', '::1', 1447944286, 0x5f5f63695f6c6173745f726567656e65726174657c693a313434373934343238363b6964656e746974797c733a31333a2261646d696e6973747261746f72223b757365726e616d657c733a31333a2261646d696e6973747261746f72223b656d61696c7c733a31353a2261646d696e4061646d696e2e636f6d223b757365725f69647c733a313a2231223b6f6c645f6c6173745f6c6f67696e7c733a31303a2231343437393237393639223b67726176617461727c733a33323a223634653162386433346634323564313965316565326561373233366433303238223b706f7374616c7c613a303a7b7d),
('be43c1227063c8adb082f7d353eb52e84e2a0eac', '::1', 1447944783, 0x5f5f63695f6c6173745f726567656e65726174657c693a313434373934343630323b6964656e746974797c733a31333a2261646d696e6973747261746f72223b757365726e616d657c733a31333a2261646d696e6973747261746f72223b656d61696c7c733a31353a2261646d696e4061646d696e2e636f6d223b757365725f69647c733a313a2231223b6f6c645f6c6173745f6c6f67696e7c733a31303a2231343437393237393639223b67726176617461727c733a33323a223634653162386433346634323564313965316565326561373233366433303238223b706f7374616c7c613a303a7b7d),
('28ac2d2ca0b996a548b513b7a30977b1abdcfdbf', '::1', 1447945895, 0x5f5f63695f6c6173745f726567656e65726174657c693a313434373934353632383b6964656e746974797c733a31333a2261646d696e6973747261746f72223b757365726e616d657c733a31333a2261646d696e6973747261746f72223b656d61696c7c733a31353a2261646d696e4061646d696e2e636f6d223b757365725f69647c733a313a2231223b6f6c645f6c6173745f6c6f67696e7c733a31303a2231343437393237393639223b67726176617461727c733a33323a223634653162386433346634323564313965316565326561373233366433303238223b706f7374616c7c613a303a7b7d),
('4a7860097f1a0ea2767eab2092137e950f912fc4', '::1', 1447946396, 0x5f5f63695f6c6173745f726567656e65726174657c693a313434373934363137303b6964656e746974797c733a31333a2261646d696e6973747261746f72223b757365726e616d657c733a31333a2261646d696e6973747261746f72223b656d61696c7c733a31353a2261646d696e4061646d696e2e636f6d223b757365725f69647c733a313a2231223b6f6c645f6c6173745f6c6f67696e7c733a31303a2231343437393237393639223b67726176617461727c733a33323a223634653162386433346634323564313965316565326561373233366433303238223b706f7374616c7c613a303a7b7d),
('a5a9a36b3480fb7cfa22ddb1ee70a6617a313585', '::1', 1447946743, 0x5f5f63695f6c6173745f726567656e65726174657c693a313434373934363438313b6964656e746974797c733a31333a2261646d696e6973747261746f72223b757365726e616d657c733a31333a2261646d696e6973747261746f72223b656d61696c7c733a31353a2261646d696e4061646d696e2e636f6d223b757365725f69647c733a313a2231223b6f6c645f6c6173745f6c6f67696e7c733a31303a2231343437393237393639223b67726176617461727c733a33323a223634653162386433346634323564313965316565326561373233366433303238223b706f7374616c7c613a303a7b7d),
('78c28067682290b2c4c9b69102ef48323bbf144b', '::1', 1447947449, 0x5f5f63695f6c6173745f726567656e65726174657c693a313434373934373434343b6964656e746974797c733a31333a2261646d696e6973747261746f72223b757365726e616d657c733a31333a2261646d696e6973747261746f72223b656d61696c7c733a31353a2261646d696e4061646d696e2e636f6d223b757365725f69647c733a313a2231223b6f6c645f6c6173745f6c6f67696e7c733a31303a2231343437393237393639223b67726176617461727c733a33323a223634653162386433346634323564313965316565326561373233366433303238223b706f7374616c7c613a303a7b7d),
('0c11e3d9169e664fc82456644271d3647d4ef04c', '::1', 1447948151, 0x5f5f63695f6c6173745f726567656e65726174657c693a313434373934383036353b6964656e746974797c733a31333a2261646d696e6973747261746f72223b757365726e616d657c733a31333a2261646d696e6973747261746f72223b656d61696c7c733a31353a2261646d696e4061646d696e2e636f6d223b757365725f69647c733a313a2231223b6f6c645f6c6173745f6c6f67696e7c733a31303a2231343437393237393639223b67726176617461727c733a33323a223634653162386433346634323564313965316565326561373233366433303238223b706f7374616c7c613a303a7b7d),
('1c832ce0cd64c301ad6b6abf71ee17d32762d286', '::1', 1447949129, 0x5f5f63695f6c6173745f726567656e65726174657c693a313434373934383838363b6964656e746974797c733a31333a2261646d696e6973747261746f72223b757365726e616d657c733a31333a2261646d696e6973747261746f72223b656d61696c7c733a31353a2261646d696e4061646d696e2e636f6d223b757365725f69647c733a313a2231223b6f6c645f6c6173745f6c6f67696e7c733a31303a2231343437393237393639223b67726176617461727c733a33323a223634653162386433346634323564313965316565326561373233366433303238223b706f7374616c7c613a303a7b7d);

-- --------------------------------------------------------

--
-- Table structure for table `contacts`
--

CREATE TABLE IF NOT EXISTS `contacts` (
  `id` int(11) NOT NULL AUTO_INCREMENT,
  `first_name` varchar(250) DEFAULT NULL,
  `last_name` varchar(250) DEFAULT NULL,
  `uid` varchar(100) DEFAULT NULL,
  `email` varchar(250) DEFAULT NULL,
  `phone` varchar(250) DEFAULT NULL,
  `company` int(11) NOT NULL DEFAULT '0',
  `address` text NOT NULL,
  `postal_code` varchar(10) DEFAULT NULL,
  `city` int(11) NOT NULL DEFAULT '0',
  `sex` varchar(1) NOT NULL DEFAULT '-',
  `birthday` date DEFAULT '0000-01-01',
  `contact_type` int(11) NOT NULL DEFAULT '0',
  `info` mediumtext,
  `created_at` datetime DEFAULT NULL,
  `created_by` int(11) DEFAULT NULL,
  `updated_at` datetime DEFAULT NULL,
  `updated_by` int(11) DEFAULT NULL,
  `deleted_at` datetime DEFAULT NULL,
  `deleted_by` int(11) DEFAULT NULL,
  PRIMARY KEY (`id`),
  UNIQUE KEY `uid` (`uid`),
  KEY `email` (`email`),
  KEY `phone` (`phone`)
) ENGINE=InnoDB  DEFAULT CHARSET=utf8 AUTO_INCREMENT=3 ;

--
-- Dumping data for table `contacts`
--

-- --------------------------------------------------------

--
-- Table structure for table `contact_types`
--

CREATE TABLE IF NOT EXISTS `contact_types` (
  `id` int(11) NOT NULL AUTO_INCREMENT,
  `title` varchar(250) NOT NULL,
  `info` text NOT NULL,
  `created_at` datetime DEFAULT NULL,
  `created_by` int(11) DEFAULT NULL,
  `updated_at` datetime DEFAULT NULL,
  `updated_by` int(11) DEFAULT NULL,
  `deleted_at` datetime DEFAULT NULL,
  `deleted_by` int(11) DEFAULT NULL,
  PRIMARY KEY (`id`)
) ENGINE=InnoDB  DEFAULT CHARSET=utf8 AUTO_INCREMENT=4 ;

--
-- Dumping data for table `contact_types`
--

INSERT INTO `contact_types` (`id`, `title`, `info`, `created_at`, `created_by`, `updated_at`, `updated_by`, `deleted_at`, `deleted_by`) VALUES
(2, 'Persoana fizica', 'test 3', '2015-11-18 10:57:23', 1, '2015-11-19 15:28:32', 1, NULL, NULL),
(3, 'Persoana juridica', 'test again', '2015-11-18 10:58:50', 1, NULL, NULL, NULL, NULL);

-- --------------------------------------------------------

--
-- Table structure for table `groups`
--

CREATE TABLE IF NOT EXISTS `groups` (
  `id` mediumint(8) unsigned NOT NULL AUTO_INCREMENT,
  `name` varchar(20) NOT NULL,
  `description` varchar(100) NOT NULL,
  PRIMARY KEY (`id`)
) ENGINE=InnoDB  DEFAULT CHARSET=utf8 AUTO_INCREMENT=3 ;

--
-- Dumping data for table `groups`
--

INSERT INTO `groups` (`id`, `name`, `description`) VALUES
(1, 'admin', 'Administrator'),
(2, 'members', 'General User');

-- --------------------------------------------------------

--
-- Table structure for table `login_attempts`
--

CREATE TABLE IF NOT EXISTS `login_attempts` (
  `id` int(11) unsigned NOT NULL AUTO_INCREMENT,
  `ip_address` varchar(15) NOT NULL,
  `login` varchar(100) NOT NULL,
  `time` int(11) unsigned DEFAULT NULL,
  PRIMARY KEY (`id`)
) ENGINE=InnoDB DEFAULT CHARSET=utf8 AUTO_INCREMENT=1 ;

-- --------------------------------------------------------

--
-- Table structure for table `opportunities`
--

CREATE TABLE IF NOT EXISTS `opportunities` (
  `id` int(11) NOT NULL AUTO_INCREMENT,
  `contact_id` int(10) unsigned NOT NULL,
  `title` varchar(250) NOT NULL,
  `description` text NOT NULL,
  `created_at` datetime DEFAULT NULL,
  `created_by` int(11) DEFAULT NULL,
  `updated_at` datetime DEFAULT NULL,
  `updated_by` int(11) DEFAULT NULL,
  `deleted_at` datetime DEFAULT NULL,
  `deleted_by` int(11) DEFAULT NULL,
  PRIMARY KEY (`id`)
) ENGINE=InnoDB  DEFAULT CHARSET=utf8 AUTO_INCREMENT=2 ;


-- --------------------------------------------------------

--
-- Table structure for table `rat`
--

CREATE TABLE IF NOT EXISTS `rat` (
  `id` int(11) NOT NULL AUTO_INCREMENT,
  `user_id` int(11) DEFAULT NULL,
  `date_time` datetime DEFAULT NULL,
  `code` int(11) DEFAULT NULL,
  `message` varchar(255) DEFAULT NULL,
  PRIMARY KEY (`id`)
) ENGINE=InnoDB  DEFAULT CHARSET=utf8 AUTO_INCREMENT=39 ;

--
-- Dumping data for table `rat`
--

INSERT INTO `rat` (`id`, `user_id`, `date_time`, `code`, `message`) VALUES
(1, 1, '2015-11-06 13:47:34', 1, 'User logged out'),
(2, 1, '2015-11-06 13:47:38', 1, 'User logged in'),
(3, 1, '2015-11-06 17:25:12', 1, 'User logged in'),
(4, 1, '2015-11-10 11:57:30', 1, 'User logged in'),
(5, 1, '2015-11-10 12:16:44', 1, 'User logged out'),
(6, 2, '2015-11-10 12:16:51', 1, 'User logged in'),
(7, 2, '2015-11-10 12:17:20', 1, 'User logged out'),
(8, 1, '2015-11-10 12:17:23', 1, 'User logged in'),
(9, 1, '2015-11-10 12:19:11', 1, 'User logged out'),
(10, 1, '2015-11-10 12:27:41', 1, 'User logged in'),
(11, 1, '2015-11-10 12:35:00', 1, 'User logged out'),
(12, 1, '2015-11-10 12:53:47', 1, 'User logged in'),
(13, 1, '2015-11-10 12:54:28', 1, 'User logged out'),
(14, 1, '2015-11-10 12:58:03', 1, 'User logged in'),
(15, 1, '2015-11-10 13:03:15', 1, 'User logged out'),
(16, 1, '2015-11-10 13:14:08', 1, 'User logged in'),
(17, 1, '2015-11-10 13:26:47', 1, 'User logged out'),
(18, 1, '2015-11-10 13:26:54', 1, 'User logged in'),
(19, 1, '2015-11-17 15:30:37', 1, 'User logged in'),
(20, 1, '2015-11-18 09:20:09', 1, 'User logged in'),
(21, 1, '2015-11-18 11:52:15', 0, 'Edited customer type with id 2'),
(22, 1, '2015-11-18 13:54:15', 1, 'Added city with id 1'),
(23, 1, '2015-11-18 13:59:47', 1, 'Edited city with id 1'),
(24, 1, '2015-11-18 13:59:57', 1, 'Edited city with id 1'),
(25, 1, '2015-11-18 16:21:00', 1, 'Added customer with id 1'),
(26, 1, '2015-11-18 16:49:21', 1, 'Edited customer with id 1'),
(27, 1, '2015-11-18 16:55:20', 0, 'Deleted customer with id 1'),
(28, 1, '2015-11-19 09:57:07', 1, 'User logged in'),
(29, 1, '2015-11-19 10:31:46', 1, 'Edited customer with id 1'),
(30, 1, '2015-11-19 12:10:07', 1, 'User logged out'),
(31, 2, '2015-11-19 12:10:12', 1, 'User logged in'),
(32, 2, '2015-11-19 12:12:34', 1, 'User logged out'),
(33, 1, '2015-11-19 12:12:49', 1, 'User logged in'),
(34, 1, '2015-11-19 12:16:24', 1, 'User logged out'),
(35, 3, '2015-11-19 12:16:29', 1, 'User logged in'),
(36, 1, '2015-11-19 14:41:19', 1, 'User logged in'),
(37, 1, '2015-11-19 15:28:32', 1, 'Edited contact type with id 2'),
(38, 1, '2015-11-19 18:05:20', 1, 'Added opportunity with id 1');

-- --------------------------------------------------------

--
-- Table structure for table `users`
--

CREATE TABLE IF NOT EXISTS `users` (
  `id` int(11) unsigned NOT NULL AUTO_INCREMENT,
  `ip_address` varchar(15) NOT NULL,
  `username` varchar(100) NOT NULL,
  `password` varchar(255) NOT NULL,
  `salt` varchar(255) DEFAULT NULL,
  `email` varchar(100) NOT NULL,
  `activation_code` varchar(40) DEFAULT NULL,
  `forgotten_password_code` varchar(40) DEFAULT NULL,
  `forgotten_password_time` int(11) unsigned DEFAULT NULL,
  `remember_code` varchar(40) DEFAULT NULL,
  `created_on` int(11) unsigned NOT NULL,
  `last_login` int(11) unsigned DEFAULT NULL,
  `active` tinyint(1) unsigned DEFAULT NULL,
  `first_name` varchar(50) DEFAULT NULL,
  `last_name` varchar(50) DEFAULT NULL,
  `company` varchar(200) NOT NULL,
  `phone` varchar(20) NOT NULL,
  PRIMARY KEY (`id`)
) ENGINE=InnoDB  DEFAULT CHARSET=utf8 AUTO_INCREMENT=4 ;

--
-- Dumping data for table `users`
--

INSERT INTO `users` (`id`, `ip_address`, `username`, `password`, `salt`, `email`, `activation_code`, `forgotten_password_code`, `forgotten_password_time`, `remember_code`, `created_on`, `last_login`, `active`, `first_name`, `last_name`, `company`, `phone`) VALUES
(1, '127.0.0.1', 'administrator', '$2a$07$SeBknntpZror9uyftVopmu61qg0ms8Qv1yV6FG.kQOSM.9QhmTo36', '', 'admin@admin.com', '', NULL, NULL, 'gtbuLmffMbIAevpNfUYwfe', 1268889823, 1447936879, 1, 'Admin', 'istrator', '', ''),
(3, '::1', 'avenirer', '$2y$08$ZkbZErYKBTaJHUWweZ2f6u5vJrdN4tN0Y6BJBawMPQACspbOlA/5S', NULL, 'avenir.ro@gmail.com', NULL, NULL, NULL, NULL, 1447928159, 1447928189, 1, 'Adrian', 'Voicu', '', '0742142110');

-- --------------------------------------------------------

--
-- Table structure for table `users_groups`
--

CREATE TABLE IF NOT EXISTS `users_groups` (
  `id` int(11) unsigned NOT NULL AUTO_INCREMENT,
  `user_id` int(11) unsigned NOT NULL,
  `group_id` mediumint(8) unsigned NOT NULL,
  PRIMARY KEY (`id`),
  UNIQUE KEY `uc_users_groups` (`user_id`,`group_id`),
  KEY `fk_users_groups_users1_idx` (`user_id`),
  KEY `fk_users_groups_groups1_idx` (`group_id`)
) ENGINE=InnoDB  DEFAULT CHARSET=utf8 AUTO_INCREMENT=9 ;

--
-- Dumping data for table `users_groups`
--

INSERT INTO `users_groups` (`id`, `user_id`, `group_id`) VALUES
(1, 1, 1),
(2, 1, 2),
(8, 3, 2);

-- --------------------------------------------------------

--
-- Table structure for table `website`
--

CREATE TABLE IF NOT EXISTS `website` (
  `title` varchar(255) NOT NULL,
  `page_title` varchar(255) NOT NULL,
  `status` tinyint(1) NOT NULL DEFAULT '0',
  `admin_email` varchar(200) NOT NULL,
  `contact_email` varchar(200) NOT NULL,
  `modified_by` varchar(200) NOT NULL
) ENGINE=MyISAM DEFAULT CHARSET=utf8;

--
-- Dumping data for table `website`
--

INSERT INTO `website` (`title`, `page_title`, `status`, `admin_email`, `contact_email`, `modified_by`) VALUES
('aveCRM', 'aveCRM', 1, 'avenir.ro@gmail.com', 'avenir.ro@gmail.com', ''),
('aveCRM', 'aveCRM', 1, 'avenir.ro@gmail.com', 'avenir.ro@gmail.com', '');

--
-- Constraints for dumped tables
--

--
-- Constraints for table `users_groups`
--
ALTER TABLE `users_groups`
  ADD CONSTRAINT `fk_users_groups_groups1` FOREIGN KEY (`group_id`) REFERENCES `groups` (`id`) ON DELETE CASCADE ON UPDATE NO ACTION,
  ADD CONSTRAINT `fk_users_groups_users1` FOREIGN KEY (`user_id`) REFERENCES `users` (`id`) ON DELETE CASCADE ON UPDATE NO ACTION;

/*!40101 SET CHARACTER_SET_CLIENT=@OLD_CHARACTER_SET_CLIENT */;
/*!40101 SET CHARACTER_SET_RESULTS=@OLD_CHARACTER_SET_RESULTS */;
/*!40101 SET COLLATION_CONNECTION=@OLD_COLLATION_CONNECTION */;
